-- --------------------------------------------------------
-- Host:                         127.0.0.1
-- Server version:               5.7.24 - MySQL Community Server (GPL)
-- Server OS:                    Win64
-- HeidiSQL Version:             11.3.0.6295
-- --------------------------------------------------------

/*!40101 SET @OLD_CHARACTER_SET_CLIENT=@@CHARACTER_SET_CLIENT */;
/*!40101 SET NAMES utf8 */;
/*!50503 SET NAMES utf8mb4 */;
/*!40014 SET @OLD_FOREIGN_KEY_CHECKS=@@FOREIGN_KEY_CHECKS, FOREIGN_KEY_CHECKS=0 */;
/*!40101 SET @OLD_SQL_MODE=@@SQL_MODE, SQL_MODE='NO_AUTO_VALUE_ON_ZERO' */;
/*!40111 SET @OLD_SQL_NOTES=@@SQL_NOTES, SQL_NOTES=0 */;


-- Dumping database structure for litbang
CREATE DATABASE IF NOT EXISTS `litbang` /*!40100 DEFAULT CHARACTER SET latin1 */;
USE `litbang`;

-- Dumping structure for table litbang.failed_jobs
CREATE TABLE IF NOT EXISTS `failed_jobs` (
  `id` bigint(20) unsigned NOT NULL AUTO_INCREMENT,
  `uuid` varchar(255) COLLATE utf8mb4_unicode_ci NOT NULL,
  `connection` text COLLATE utf8mb4_unicode_ci NOT NULL,
  `queue` text COLLATE utf8mb4_unicode_ci NOT NULL,
  `payload` longtext COLLATE utf8mb4_unicode_ci NOT NULL,
  `exception` longtext COLLATE utf8mb4_unicode_ci NOT NULL,
  `failed_at` timestamp NOT NULL DEFAULT CURRENT_TIMESTAMP,
  PRIMARY KEY (`id`),
  UNIQUE KEY `failed_jobs_uuid_unique` (`uuid`)
) ENGINE=InnoDB DEFAULT CHARSET=utf8mb4 COLLATE=utf8mb4_unicode_ci;

-- Dumping data for table litbang.failed_jobs: ~0 rows (approximately)
/*!40000 ALTER TABLE `failed_jobs` DISABLE KEYS */;
/*!40000 ALTER TABLE `failed_jobs` ENABLE KEYS */;

-- Dumping structure for table litbang.kategoris
CREATE TABLE IF NOT EXISTS `kategoris` (
  `id` bigint(20) unsigned NOT NULL AUTO_INCREMENT,
  `name` varchar(255) COLLATE utf8mb4_unicode_ci NOT NULL,
  `description` varchar(255) COLLATE utf8mb4_unicode_ci DEFAULT NULL,
  `created_at` timestamp NULL DEFAULT NULL,
  `updated_at` timestamp NULL DEFAULT NULL,
  `deleted_at` timestamp NULL DEFAULT NULL,
  `created_by` bigint(20) unsigned DEFAULT NULL,
  `updated_by` bigint(20) unsigned DEFAULT NULL,
  `deleted_by` bigint(20) unsigned DEFAULT NULL,
  PRIMARY KEY (`id`)
) ENGINE=InnoDB AUTO_INCREMENT=6 DEFAULT CHARSET=utf8mb4 COLLATE=utf8mb4_unicode_ci;

-- Dumping data for table litbang.kategoris: ~5 rows (approximately)
/*!40000 ALTER TABLE `kategoris` DISABLE KEYS */;
INSERT INTO `kategoris` (`id`, `name`, `description`, `created_at`, `updated_at`, `deleted_at`, `created_by`, `updated_by`, `deleted_by`) VALUES
	(1, 'Pertama', 'Kategori Pertama', '2022-01-30 12:51:15', '2022-01-30 12:51:15', NULL, NULL, NULL, NULL),
	(2, 'Kedua', 'Kategori Kedua', '2022-01-30 12:51:15', '2022-01-30 12:51:15', NULL, NULL, NULL, NULL),
	(3, 'Ketiga', 'Kategori Ketiga', '2022-01-30 12:51:15', '2022-01-30 12:51:15', NULL, NULL, NULL, NULL),
	(4, 'Keempat', 'Kategori Keempat', '2022-01-30 12:51:15', '2022-01-30 12:51:15', NULL, NULL, NULL, NULL),
	(5, 'Kelima', 'Kategori Kelima', '2022-01-30 12:51:15', '2022-01-30 12:51:15', NULL, NULL, NULL, NULL);
/*!40000 ALTER TABLE `kategoris` ENABLE KEYS */;

-- Dumping structure for table litbang.migrations
CREATE TABLE IF NOT EXISTS `migrations` (
  `id` int(10) unsigned NOT NULL AUTO_INCREMENT,
  `migration` varchar(255) COLLATE utf8mb4_unicode_ci NOT NULL,
  `batch` int(11) NOT NULL,
  PRIMARY KEY (`id`)
) ENGINE=InnoDB AUTO_INCREMENT=9 DEFAULT CHARSET=utf8mb4 COLLATE=utf8mb4_unicode_ci;

-- Dumping data for table litbang.migrations: ~8 rows (approximately)
/*!40000 ALTER TABLE `migrations` DISABLE KEYS */;
INSERT INTO `migrations` (`id`, `migration`, `batch`) VALUES
	(1, '2014_10_12_000000_create_users_table', 1),
	(2, '2014_10_12_100000_create_password_resets_table', 1),
	(3, '2019_08_19_000000_create_failed_jobs_table', 1),
	(4, '2019_12_14_000001_create_personal_access_tokens_table', 1),
	(5, '2021_11_06_214922_create_roles_table', 1),
	(6, '2021_11_06_220143_create_risets_table', 1),
	(7, '2022_01_14_031543_create_settings_table', 1),
	(8, '2022_01_14_143704_create_kategoris_table', 1);
/*!40000 ALTER TABLE `migrations` ENABLE KEYS */;

-- Dumping structure for table litbang.password_resets
CREATE TABLE IF NOT EXISTS `password_resets` (
  `email` varchar(255) COLLATE utf8mb4_unicode_ci NOT NULL,
  `token` varchar(255) COLLATE utf8mb4_unicode_ci NOT NULL,
  `created_at` timestamp NULL DEFAULT NULL,
  KEY `password_resets_email_index` (`email`)
) ENGINE=InnoDB DEFAULT CHARSET=utf8mb4 COLLATE=utf8mb4_unicode_ci;

-- Dumping data for table litbang.password_resets: ~0 rows (approximately)
/*!40000 ALTER TABLE `password_resets` DISABLE KEYS */;
/*!40000 ALTER TABLE `password_resets` ENABLE KEYS */;

-- Dumping structure for table litbang.personal_access_tokens
CREATE TABLE IF NOT EXISTS `personal_access_tokens` (
  `id` bigint(20) unsigned NOT NULL AUTO_INCREMENT,
  `tokenable_type` varchar(255) COLLATE utf8mb4_unicode_ci NOT NULL,
  `tokenable_id` bigint(20) unsigned NOT NULL,
  `name` varchar(255) COLLATE utf8mb4_unicode_ci NOT NULL,
  `token` varchar(64) COLLATE utf8mb4_unicode_ci NOT NULL,
  `abilities` text COLLATE utf8mb4_unicode_ci,
  `last_used_at` timestamp NULL DEFAULT NULL,
  `created_at` timestamp NULL DEFAULT NULL,
  `updated_at` timestamp NULL DEFAULT NULL,
  PRIMARY KEY (`id`),
  UNIQUE KEY `personal_access_tokens_token_unique` (`token`),
  KEY `personal_access_tokens_tokenable_type_tokenable_id_index` (`tokenable_type`,`tokenable_id`)
) ENGINE=InnoDB DEFAULT CHARSET=utf8mb4 COLLATE=utf8mb4_unicode_ci;

-- Dumping data for table litbang.personal_access_tokens: ~0 rows (approximately)
/*!40000 ALTER TABLE `personal_access_tokens` DISABLE KEYS */;
/*!40000 ALTER TABLE `personal_access_tokens` ENABLE KEYS */;

-- Dumping structure for table litbang.risets
CREATE TABLE IF NOT EXISTS `risets` (
  `id` bigint(20) unsigned NOT NULL AUTO_INCREMENT,
  `tahun` year(4) NOT NULL,
  `tahun_data` year(4) NOT NULL,
  `tgl_mulai` date DEFAULT NULL,
  `tgl_selesai` date DEFAULT NULL,
  `sumber_dana` varchar(255) COLLATE utf8mb4_unicode_ci NOT NULL,
  `judul` varchar(255) COLLATE utf8mb4_unicode_ci NOT NULL,
  `slug` varchar(255) COLLATE utf8mb4_unicode_ci NOT NULL,
  `kategori_id` varchar(255) COLLATE utf8mb4_unicode_ci NOT NULL,
  `penyelenggara` varchar(255) COLLATE utf8mb4_unicode_ci NOT NULL,
  `pelaksana` varchar(255) COLLATE utf8mb4_unicode_ci NOT NULL,
  `penanggungjawab` varchar(255) COLLATE utf8mb4_unicode_ci NOT NULL,
  `nik` varchar(255) COLLATE utf8mb4_unicode_ci DEFAULT NULL,
  `kontak` varchar(255) COLLATE utf8mb4_unicode_ci NOT NULL,
  `no_surat_izin` varchar(255) COLLATE utf8mb4_unicode_ci DEFAULT NULL,
  `tgl_surat_izin` date DEFAULT NULL,
  `ktp` varchar(255) COLLATE utf8mb4_unicode_ci DEFAULT NULL,
  `abstrak` longtext COLLATE utf8mb4_unicode_ci,
  `proposal` varchar(255) COLLATE utf8mb4_unicode_ci DEFAULT NULL,
  `resume` longtext COLLATE utf8mb4_unicode_ci,
  `hasil_penelitian` varchar(255) COLLATE utf8mb4_unicode_ci DEFAULT NULL,
  `kode_wilayah` varchar(255) COLLATE utf8mb4_unicode_ci DEFAULT NULL,
  `created_at` timestamp NULL DEFAULT NULL,
  `updated_at` timestamp NULL DEFAULT NULL,
  `deleted_at` timestamp NULL DEFAULT NULL,
  `created_by` bigint(20) unsigned DEFAULT NULL,
  `updated_by` bigint(20) unsigned DEFAULT NULL,
  `deleted_by` bigint(20) unsigned DEFAULT NULL,
  PRIMARY KEY (`id`),
  UNIQUE KEY `risets_slug_unique` (`slug`)
) ENGINE=InnoDB AUTO_INCREMENT=34 DEFAULT CHARSET=utf8mb4 COLLATE=utf8mb4_unicode_ci;

-- Dumping data for table litbang.risets: ~14 rows (approximately)
/*!40000 ALTER TABLE `risets` DISABLE KEYS */;
INSERT INTO `risets` (`id`, `tahun`, `tahun_data`, `tgl_mulai`, `tgl_selesai`, `sumber_dana`, `judul`, `slug`, `kategori_id`, `penyelenggara`, `pelaksana`, `penanggungjawab`, `nik`, `kontak`, `no_surat_izin`, `tgl_surat_izin`, `ktp`, `abstrak`, `proposal`, `resume`, `hasil_penelitian`, `kode_wilayah`, `created_at`, `updated_at`, `deleted_at`, `created_by`, `updated_by`, `deleted_by`) VALUES
	(1, '2019', '0000', NULL, NULL, '', 'Ut cum autem porro animi.', 'iste-voluptas-optio-expedita-quaerat-eaque-non-fugiat', '5', '', 'Wahyu Permadi', '', '5570438284353406', '', 'B-742/nwm-ycl/01/2019', '2019-06-24', 'ktp/61f689c3da373-1643547075/nFZPqyAiLvdgEgP001TQSuiRtIiFtcY4e6DHPOJD.png', 'Voluptatibus fuga enim at explicabo sapiente dolor. Earum iusto assumenda et consequatur et non nisi. Exercitationem eum quas enim corrupti eius mollitia et. Et tenetur sit velit alias voluptatem.\n\nCommodi optio impedit sint sapiente maiores iste. Voluptatem omnis nobis vero corporis. Accusantium saepe suscipit earum aperiam. Sed delectus pariatur sequi sit.\n\nIn recusandae maiores voluptas perspiciatis esse quis velit. Eos ea ea aut voluptas. Illum aliquam rerum voluptas dolorem voluptate voluptates.\n\nSit repellendus rerum nesciunt. Architecto maxime repudiandae omnis. Sit quis est amet quo quibusdam rerum tempora dolor.\n\nEos culpa omnis hic mollitia harum minus id. Dolore natus officiis ab blanditiis. Itaque commodi autem dolore a laudantium quas excepturi. Rem cupiditate deserunt consequatur a aperiam modi.\n\nEaque eum est quia facere. Beatae ipsa cupiditate cupiditate corrupti velit. Temporibus aliquid nobis beatae rerum vel voluptas qui quia.\n\nArchitecto quisquam est quae molestias voluptatibus vel fuga. Consequuntur impedit ipsam itaque sequi fugit. At corporis sed cumque suscipit placeat et non. In ipsam qui dolores eligendi aspernatur.\n\nQuo rerum autem et. Nam sapiente ducimus porro quo minus blanditiis. Veniam et qui eos incidunt. Facere omnis libero sunt pariatur itaque error consequatur officiis. Id totam sapiente adipisci doloremque.\n\nDolore veniam ducimus esse earum. Ut voluptas tenetur iusto sit ad. Consequuntur soluta iure reprehenderit sint eveniet. Iusto animi rerum voluptate sit sint quod nostrum.', 'files/61f689c3da373-1643547075/default.pdf', NULL, NULL, NULL, '2022-01-30 12:51:16', '2022-01-30 12:51:35', NULL, NULL, NULL, NULL),
	(2, '2022', '0000', NULL, NULL, '', 'Culpa harum eos rerum.', 'quidem-quam-enim-earum-ut-non', '5', '', 'Siska Devi Pratiwi S.E.I', '', '5821832452455161', '', 'B-635/rfn-cpa/02/2022', '2022-04-30', 'ktp/61f689c4b4740-1643547076/qKbTKrYwMFuIhtquwj0xMOzqoirSwOc71S441ogp.png', 'Molestiae voluptatibus labore sed id fugit aperiam. Facere laborum sunt omnis earum nulla laudantium. Rerum sapiente et et qui et repudiandae nihil.\n\nMagnam deleniti praesentium quia tenetur aspernatur recusandae. Ex rerum aliquid unde corporis. Deleniti qui eos consectetur alias officiis aut cumque iste.\n\nDelectus eveniet blanditiis veritatis et modi similique inventore. Quisquam quas hic sequi non est. Corporis iste quas omnis repudiandae eos. Voluptates et est modi culpa minus.\n\nHic sunt facilis accusantium impedit dolor. Exercitationem dolores exercitationem consectetur vel et accusantium. Autem placeat et numquam et similique. Rem corporis eius vel consectetur assumenda.\n\nUt atque explicabo incidunt porro. Atque ipsum explicabo qui sed necessitatibus ex. Beatae est et aliquid magnam. Molestiae autem explicabo delectus accusamus consequuntur occaecati et.\n\nMolestiae repellat et consectetur nulla qui voluptatem non. Quasi cumque similique aut voluptatem. Fugiat officia minus delectus est.\n\nEt dolorem vel voluptatem veritatis quae a itaque. Eos debitis voluptas consequatur dolor suscipit velit et. Dolor quidem est dolore sunt voluptatem. Ut non voluptatibus amet corrupti libero ut deserunt quia.\n\nQui est maxime aspernatur aut tempora aliquid. Ab id dolorem quibusdam iusto. Voluptas ipsum nisi aut est voluptas.', 'files/61f689c4b4740-1643547076/default.pdf', NULL, NULL, NULL, '2022-01-30 12:51:17', '2022-01-30 12:51:35', NULL, NULL, NULL, NULL),
	(3, '2021', '0000', NULL, NULL, '', 'Et aperiam iste consequatur deleniti quaerat voluptates id.', 'quo-ut-reprehenderit-natus-praesentium', '5', '', 'Taufik Wasita', '', '8227160541926712', '', 'B-146/jyq-hoo/02/2021', '2021-06-23', 'ktp/61f689c55bece-1643547077/QqRwdKZosq0llstA6xyEAcbcR6w8hnf6OOUdTObS.png', 'Magni explicabo iusto consequatur sequi aut unde non. Quaerat vitae dolore et deserunt molestias ipsum aut. Sapiente quia quis temporibus quas provident repellendus pariatur.\n\nInventore debitis ea nulla ea voluptatum maxime. Aliquid dolor delectus pariatur voluptate odio ducimus. Iusto cupiditate iure delectus adipisci sequi.\n\nDolores qui et est et non sit ad ea. Soluta incidunt aut numquam cumque. Ad dolorum ab minus magni facere.\n\nVoluptatum dolores ea consectetur quaerat consequatur et quae. Aut quaerat et perspiciatis non ut. Suscipit eius necessitatibus tempora nemo ex quo et. Voluptatem iure nihil veniam labore est corrupti.\n\nAliquid fugit eveniet aperiam vero veniam aut. Reprehenderit velit consequatur sint velit eius.\n\nEx quia totam quia ipsa sapiente pariatur. Maiores ipsa et dolores consequatur inventore. Magni dolorem est eveniet et est. Autem rerum in aut rerum omnis enim.\n\nVel consequuntur odio ut atque sunt omnis. Aspernatur tempora in veniam nemo. Qui incidunt est at ipsum nemo. Reiciendis deleniti corporis voluptatem consequatur.\n\nReiciendis laboriosam delectus et deleniti. Est aliquid odio explicabo perferendis rerum. Cumque accusamus aut eligendi. Voluptatem qui labore eum facilis labore tenetur tempora. Possimus libero exercitationem harum exercitationem.\n\nDoloremque nihil qui at accusantium ut. Provident dolores voluptatem nam exercitationem sapiente. Ut quia doloribus deserunt odit inventore officia et minus.\n\nDolorum autem amet magnam officiis nam officia. Magnam perspiciatis ipsam minus est quia at quaerat aut. Occaecati consequatur quod dolorum velit qui.', 'files/61f689c55bece-1643547077/default.pdf', NULL, NULL, NULL, '2022-01-30 12:51:17', '2022-01-30 12:51:35', NULL, NULL, NULL, NULL),
	(4, '2021', '0000', NULL, NULL, '', 'Corrupti repellendus distinctio ipsa.', 'nihil-dolor-aut-earum', '4', '', 'Umi Lailasari', '', '0762942190360808', '', 'B-624/izs-rvs/02/2021', '2021-01-02', 'ktp/61f689c5f31ff-1643547077/MoFiaDJzHLUMHRDtUwodIGiUuCdvYHiLcf15qTOK.png', 'Quo et non possimus vitae fugit tempore blanditiis. Sunt excepturi enim ut quisquam. Numquam voluptatem reprehenderit sit odit.\n\nEst et ducimus necessitatibus voluptatem. Vel qui et enim voluptas corporis voluptate. Aliquid minus hic ipsa veniam maxime soluta. Ipsum temporibus ad enim. Omnis suscipit nam necessitatibus aut voluptas mollitia delectus nesciunt.\n\nQuia suscipit ut eius omnis qui maxime earum. Rem fugit dolores sed omnis. Magnam optio consequatur iure neque dolore.\n\nQui iste debitis quas placeat facere labore. Cum rerum odit natus ea modi consequatur. Veniam voluptas perspiciatis ut ducimus dolores illo.\n\nDicta amet quibusdam perferendis molestiae culpa est iure sint. Velit reiciendis est magnam voluptatem corporis nemo omnis. Libero voluptas rerum natus ea est dignissimos vel.\n\nVeritatis ab nostrum voluptatem animi aut. Aspernatur modi maiores qui velit dolorem quia. Ut distinctio ut autem pariatur nostrum laboriosam quis voluptas.', 'files/61f689c5f31ff-1643547077/default.pdf', NULL, NULL, NULL, '2022-01-30 12:51:18', '2022-01-30 12:51:35', NULL, NULL, NULL, NULL),
	(5, '2017', '0000', NULL, NULL, '', 'Eum voluptatem qui non nesciunt iusto ut qui quidem magni quod.', 'dolor-voluptatum-sed-eius-beatae-ut', '1', '', 'Danuja Lazuardi', '', '3562217907924711', '', 'B-962/hhz-yhl/07/2017', '2017-09-08', 'ktp/61f689c6829df-1643547078/1YGOujXnD4MgkioHN09ZMvYfBveEjfjo7VKZz36X.png', 'Quia neque nihil temporibus sunt perferendis soluta aut itaque. Aliquam doloribus explicabo atque voluptatem eos esse. Consequatur sint ex sed dolorem reiciendis praesentium cumque.\n\nVelit quis adipisci et quisquam molestiae sunt maiores doloribus. Animi odit ipsam qui veritatis ullam sit. Ad voluptas laborum et repudiandae. Laborum vitae qui repudiandae et sed aperiam voluptas. Accusantium qui id enim quis debitis rerum aliquid.\n\nOdio aspernatur aspernatur numquam dolor. Voluptate cumque et voluptatibus dolorem perspiciatis. Porro itaque alias et sit quaerat. Voluptas eum consequatur error et numquam.\n\nDistinctio ullam corporis sunt est voluptas. Et quisquam maxime ipsa aut excepturi in.\n\nUt mollitia aperiam rerum maxime quia ratione. Temporibus consequatur ipsum illo minus quasi doloribus ut. Natus placeat quasi quia dolorum laudantium. Nihil amet quo dolore et impedit.\n\nVoluptate non qui molestiae a ipsam. Distinctio dignissimos dolorum et sunt. Dolores voluptatem magnam consequatur qui nemo nam fuga eius. Rerum quisquam expedita a.\n\nSoluta ipsam voluptatum sequi dignissimos dolore non. Corporis iure consequuntur aut eum quam. Cum veniam fugit tempora perspiciatis saepe vitae nobis ipsum. Quam quos error iste id eos beatae.\n\nNostrum sapiente quam illum eos rem nihil. Magnam iste similique officiis consequatur consequuntur. Eos dolorem earum blanditiis sapiente reprehenderit.\n\nImpedit tempora minima sed nemo repellendus corporis itaque. Beatae tenetur consequatur corrupti omnis. Velit veniam aut aliquam deleniti ullam quia quia provident. Enim velit deleniti reiciendis est deleniti sed delectus.\n\nDicta enim non et magni. Maxime voluptatem aut et voluptatem. Accusantium dolores accusamus quaerat in voluptatem asperiores. Omnis exercitationem ipsam et pariatur nesciunt. Vel sunt laudantium aspernatur dolorum.', 'files/61f689c6829df-1643547078/default.pdf', NULL, NULL, NULL, '2022-01-30 12:51:19', '2022-01-30 12:51:35', NULL, NULL, NULL, NULL),
	(6, '2018', '0000', NULL, NULL, '', 'Recusandae aspernatur expedita.', 'quibusdam-non-officia-ut-quibusdam', '5', '', 'Mulyanto Estiawan Hutasoit', '', '5692145896632526', '', 'B-750/pjx-ega/09/2018', '2018-04-15', 'ktp/61f689c737708-1643547079/svonTxcsybpSDFpI1Nw0nVs9eM6jy4Du5gfth1q3.png', 'Alias maxime aut blanditiis quam ipsum. Et asperiores quis velit qui aut. Dolorem dolorem temporibus aut ea esse eaque. Odio a praesentium numquam commodi voluptatibus fugiat quia. Enim dignissimos quasi qui magni nobis.\n\nUt eum suscipit quam qui aut. Qui non impedit ducimus est. Voluptatibus temporibus aliquam nostrum alias voluptatum.\n\nUllam voluptate et architecto amet. Ut cumque occaecati nemo. Consequatur est aspernatur ducimus dignissimos ipsum. Ad ut perferendis saepe et culpa aut veritatis.\n\nQui qui ipsa atque numquam. Dolorem quod mollitia vel quis harum sed.\n\nEst fuga consequatur voluptas dolore et. Et dolorum et reprehenderit illum ipsa a. Reiciendis ullam adipisci facilis praesentium consequatur et.\n\nMagnam laudantium modi ut aut recusandae eveniet aut. Sint et atque aliquid. Quae porro voluptatem sint saepe necessitatibus commodi.\n\nSed omnis aut enim unde. Quos voluptas voluptatem accusamus a laudantium odio voluptas. Illum harum nobis eveniet voluptatibus neque tempora sint.\n\nBeatae enim porro maxime quia quo culpa consectetur expedita. Natus tempora aut voluptatem perferendis modi aut odio. Quis quibusdam aut vitae sapiente laudantium dolor. Autem tempora eligendi molestias enim.', 'files/61f689c737708-1643547079/default.pdf', NULL, NULL, NULL, '2022-01-30 12:51:19', '2022-01-30 12:51:35', NULL, NULL, NULL, NULL),
	(7, '2021', '0000', NULL, NULL, '', 'Impedit et numquam dignissimos eum omnis est.', 'eius-natus-nobis-debitis-et', '4', '', 'Tami Anggraini S.IP', '', '0251539377674398', '', 'B-335/vau-mht/00/2021', '2021-02-20', 'ktp/61f689c7c38cc-1643547079/FVw83lLPbjdHoClAstFrSDjKWp45RFXp6GXlqDp1.png', 'Ab perferendis eum ipsam adipisci aut. Eos et in maiores odit debitis neque assumenda. Eum sint dolorum error.\n\nExcepturi odio rem delectus sed minima. Quidem in hic aut. Esse facilis et reiciendis quas non ea. Et temporibus doloribus consectetur quaerat et.\n\nRepudiandae vel sed nisi nulla nostrum. Beatae optio dolorem nihil ex beatae aut nostrum vero.\n\nAutem quaerat enim eaque enim. Ut rerum assumenda asperiores temporibus facilis. Voluptas velit eligendi et vitae quam eius ad.\n\nNemo soluta voluptatem sit aut blanditiis doloribus temporibus. Qui consequatur non fuga non alias fugit. Quia ut quidem voluptate qui temporibus est.\n\nFacilis nam error sed. Aut esse consequuntur soluta ipsum. Rerum quisquam molestias et ea repellat consectetur.\n\nUt sapiente amet praesentium sapiente sequi rerum. Nemo beatae rerum sunt et.\n\nIste est aut soluta aspernatur quidem impedit quia. Quisquam sint architecto quia repellat sequi tempora. Et et nihil cupiditate dolore nulla. Consequatur minima cumque delectus provident.', 'files/61f689c7c38cc-1643547079/default.pdf', NULL, NULL, NULL, '2022-01-30 12:51:20', '2022-01-30 12:51:35', NULL, NULL, NULL, NULL),
	(8, '2020', '0000', NULL, NULL, '', 'Sit omnis dignissimos quibusdam.', 'reiciendis-aut-ullam-quibusdam-tenetur-omnis-ea-dolorem', '4', '', 'Irwan Nashiruddin', '', '7850668743500124', '', 'B-593/xbe-gvx/00/2020', '2020-06-12', 'ktp/61f689c875e6d-1643547080/21CnD8YeIWeqDcC8priDmZRcYzZrcByUjqeNmKR9.png', 'Distinctio iure quisquam expedita non nesciunt. Vel voluptatum expedita modi autem non. Laudantium est ea odio tenetur officiis ea tempora.\n\nDistinctio inventore qui ut ea facere asperiores consequatur. Animi nesciunt qui blanditiis ad. Eum autem necessitatibus minus vitae. Nesciunt quia et veniam quam aliquid ut quas.\n\nAlias animi fuga provident corporis ducimus cum placeat. Et cum quaerat excepturi minima corporis ex aut. Atque illo doloribus atque et. Voluptatibus autem illum sit velit dolores occaecati eius.\n\nAutem dicta esse praesentium sint. Voluptas veritatis vel voluptatem aliquid quis maxime. Aut repudiandae blanditiis enim quis magni debitis. Velit non ut accusamus quis.\n\nAspernatur ea ab quia minus. Sed voluptatem aliquam blanditiis provident cumque. Ut perspiciatis quam voluptatem voluptas esse.\n\nEt excepturi saepe consequatur quia asperiores et cum. Est voluptas doloribus ipsum blanditiis. Ad vel ipsam vitae quas.\n\nCorrupti quas mollitia aut sed delectus recusandae aut. Sunt vitae tenetur et amet et explicabo. Et rerum magnam animi illum nostrum incidunt animi.', 'files/61f689c875e6d-1643547080/default.pdf', NULL, NULL, NULL, '2022-01-30 12:51:21', '2022-01-30 12:51:35', NULL, NULL, NULL, NULL),
	(9, '2019', '0000', NULL, NULL, '', 'Corporis aperiam soluta eius sunt veniam unde necessitatibus et fuga.', 'nostrum-hic-iste-natus-facilis-quisquam', '3', '', 'Ajeng Agustina', '', '7403847284430655', '', 'B-559/rqs-zax/02/2019', '2019-04-23', 'ktp/61f689c904013-1643547081/TxbDEMaMkpjPEMV531wSFermdOIMqdSA7BdVTEW7.png', 'Minus quaerat et nihil dolor unde est eos. Iste deleniti saepe soluta velit. Quaerat voluptatem aut non distinctio atque nam.\n\nRepellat temporibus autem molestiae iste. Laborum et autem ut reiciendis aliquid rerum. Beatae consequuntur et sunt aperiam eveniet. Rerum vero veritatis ut expedita officia dignissimos.\n\nMaxime quasi praesentium voluptatem consectetur omnis. Delectus nemo odit officia officiis. Asperiores id ratione consequatur exercitationem. Iste laborum quis hic quisquam sint iste aperiam doloremque.\n\nId eaque quia eum corporis quia inventore omnis. Voluptatum consequuntur et vitae. Corporis veniam explicabo fuga et. Illum maiores saepe et ratione.\n\nDucimus qui quo numquam aut voluptatem non voluptates. Molestiae voluptatem et qui. Iusto nam ullam fugiat accusamus quam quaerat id. Et aut nulla id.\n\nCorrupti inventore aut rerum iure. Animi illum aliquid voluptatem at aut. Nulla quia veritatis sed accusantium quibusdam. Facilis reiciendis corrupti voluptas iusto est sed architecto.\n\nProvident veniam illum veritatis. Qui consequuntur et distinctio et culpa. Ipsum accusantium sint nulla aliquid cupiditate dignissimos qui. Quae consequuntur est dolorem.\n\nDoloribus incidunt soluta cumque quos velit omnis ullam. Et rerum rem cupiditate tempora molestias. Eum quod quis placeat quos tenetur quisquam et. Id est debitis minima fuga qui tempora.', 'files/61f689c904013-1643547081/default.pdf', NULL, NULL, NULL, '2022-01-30 12:51:21', '2022-01-30 12:51:35', NULL, NULL, NULL, NULL),
	(10, '2018', '0000', NULL, NULL, '', 'Qui ea voluptas labore tenetur rerum consequatur voluptatem vel.', 'et-magnam-libero-et-minus-et-voluptate-illo', '3', '', 'Upik Rudi Saputra', '', '6303266299745748', '', 'B-068/mou-daj/01/2018', '2018-02-16', 'ktp/61f689c9a2a78-1643547081/10JAK6DUrEHWCkN6GCzJbPSLG5OxA81otYAH9GKw.png', 'Quos qui maiores delectus ullam magnam eos. Incidunt quasi quae dolorem et esse odio. Et et qui iure rerum rem et.\n\nEa eius totam facere aut exercitationem possimus dolorum. Eum iste enim nihil id repellat nobis explicabo. Esse inventore mollitia deserunt tempora beatae et.\n\nEveniet possimus velit cumque ea tempora. Esse ut nihil provident temporibus. Corporis maiores porro quo totam ut. Quo saepe sit error vel voluptatem natus.\n\nLaboriosam ab voluptates sapiente voluptas excepturi. Hic autem est qui magni. Quia atque id deserunt itaque corrupti expedita sint.\n\nSoluta et porro consequatur ad voluptas. Distinctio hic possimus est ut aut voluptas. Animi vel et sequi.\n\nRepellat et repellat ut autem eligendi atque accusantium. Illo exercitationem recusandae fugit sed ducimus. Dolorum qui rem iusto modi. Sed quia tempora fuga sint sed nesciunt est.\n\nAt officia tempora quibusdam similique similique dolores est. Ad reprehenderit corporis quod impedit et. Ab omnis et nesciunt perferendis. In dolorem optio dolores delectus quos modi dolorem.\n\nDebitis vel assumenda aut enim. Nesciunt est id quia alias suscipit. Et deserunt minima nisi iusto tenetur. Est iure explicabo iure. Ullam qui est est molestiae autem blanditiis.', 'files/61f689c9a2a78-1643547081/default.pdf', NULL, NULL, NULL, '2022-01-30 12:51:22', '2022-01-30 12:51:35', NULL, NULL, NULL, NULL),
	(11, '2021', '0000', NULL, NULL, '', 'Illo rerum molestiae quo quod ex quis.', 'beatae-dignissimos-impedit-quae-maxime-provident', '2', '', 'Olga Kadir Mustofa', '', '8994055494870328', '', 'B-971/khx-cle/01/2021', '2021-12-07', 'ktp/61f689ca452dc-1643547082/exU5a74lo0IK34KpWxTquNlpDvffLoWMqtNjF94Q.png', 'Nostrum aut soluta illum amet blanditiis necessitatibus omnis. Nisi voluptatum vel eius voluptate sint. Et quia sunt eaque vero sunt aut quos rerum.\n\nAutem vero dolorem iure debitis quas cupiditate dicta architecto. A voluptatibus et architecto quis ut illum et omnis. Et fugiat eos atque omnis aliquid nisi. Perspiciatis consequuntur rem tenetur eos ut quos cupiditate cumque. Quisquam ut non sit quos veritatis consectetur.\n\nQuaerat sed quo molestias eius est. Rerum omnis aspernatur sint sunt adipisci pariatur. Totam quas doloribus debitis aliquid doloribus et.\n\nAliquam officiis et magni labore. Est iure aliquid reprehenderit odit. Saepe sit enim quod expedita. Corporis corrupti ab et sit quaerat corporis.\n\nFacere minima voluptatem id consequatur illo facere et. Sed aut eaque eligendi. Aut qui eum omnis ratione. Sequi velit nam dignissimos eveniet recusandae ut doloribus.\n\nEt sit adipisci iusto minus optio nemo. Sint quidem voluptatem est quod explicabo voluptatem nam sed. Tempora debitis aut quia et.\n\nVelit quidem nostrum quos quam quo nihil sed commodi. Corporis et voluptate ullam voluptas officiis cupiditate.\n\nEius corrupti modi voluptate sunt ab a. Quas non ea cum. Culpa tempora repellat nam. Corporis est non doloribus sit non et placeat. Veniam sint illo enim temporibus.\n\nEum et et sint laborum. Quo natus nihil ut blanditiis explicabo culpa. Ab repudiandae laudantium est.', 'files/61f689ca452dc-1643547082/default.pdf', NULL, NULL, NULL, '2022-01-30 12:51:22', '2022-01-30 12:51:35', NULL, NULL, NULL, NULL),
	(12, '2019', '0000', NULL, NULL, '', 'Sed ut magni ad dolor.', 'deleniti-fugiat-aut-voluptatibus-quia-tempora-et', '2', '', 'Rina Yolanda', '', '4505257346722691', '', 'B-544/szb-oou/08/2019', '2019-07-09', 'ktp/61f689cacc087-1643547082/bEI85VX9NJMXQsxkv6BsFp5d1EOMfJde5TaI1x8B.png', 'Illum voluptas totam possimus amet sit est aut. Quos aliquam quia sed consectetur. Est tempore quis natus aut omnis quis nihil.\n\nRecusandae ea sint officia qui. Sapiente iure saepe velit quam. Et voluptatem velit quia assumenda consequatur asperiores.\n\nEt ut enim cupiditate quia quae illum in. Voluptas quasi iusto unde sed dicta. Voluptatem dolorum beatae tempora quidem molestiae.\n\nEt eum architecto voluptatem. In rerum provident maiores. Quibusdam suscipit est repudiandae rerum.\n\nVeritatis dolorem est deserunt voluptatem quod reiciendis fuga. Officia veritatis ut quasi quisquam quia tempora odit. Ab dolorem non nemo asperiores. Debitis deserunt voluptas vitae iure optio impedit quasi. Ullam ex rerum sit velit aspernatur ut.\n\nVoluptatem magnam sit et nulla ut harum quia. Sint repellat adipisci minus quo. Cumque maiores veniam labore et ab porro neque et.\n\nNesciunt alias itaque officiis mollitia et quibusdam. Rerum molestiae id necessitatibus alias voluptatum cumque optio. Est dicta quia sapiente eligendi et.\n\nDeserunt similique delectus alias magni perspiciatis voluptatem architecto. Labore voluptatem harum rerum harum libero. Sunt voluptatem odit alias aut.\n\nImpedit qui ea soluta. Est porro vero eligendi tempore a. Nobis animi est veniam.\n\nRepellat temporibus quia earum earum amet deleniti. Veniam et eius aut non asperiores ipsum. Magnam consequatur minus odit. Id nostrum libero et.', 'files/61f689cacc087-1643547082/default.pdf', NULL, NULL, NULL, '2022-01-30 12:51:23', '2022-01-30 12:51:35', NULL, NULL, NULL, NULL),
	(13, '2017', '0000', NULL, NULL, '', 'Corporis natus dicta veniam necessitatibus.', 'voluptas-et-eum-nobis-eveniet', '4', '', 'Ifa Kusmawati', '', '6948395337905148', '', 'B-026/kvu-eba/05/2017', '2017-11-04', 'ktp/61f689cb88342-1643547083/sVf2Nv3hxlYNho4RIw9K2ueqyhOv91XEwIb6atV1.png', 'Architecto qui nihil voluptatem est recusandae omnis voluptate sint. Minus cum soluta et. Voluptatibus repellat dolor velit asperiores fugit eum dolorem. At deserunt eveniet tempore aperiam iure enim dolorem.\n\nTotam mollitia culpa voluptatem vel fugiat rem ad. Modi vel ab tempore distinctio vitae. Maiores assumenda exercitationem voluptatibus veniam esse. Autem non ut quis modi a quam.\n\nMaiores dicta optio voluptatem quia ipsam alias molestiae. Aut et rem quas labore rerum aut. Est eos quo similique. Distinctio recusandae aut veritatis dolores impedit molestias.\n\nDicta et sint quia vero amet reprehenderit. Qui sequi reprehenderit quos officia. Aliquid inventore est facere sed eius rerum fuga. Error eos possimus assumenda temporibus ut.\n\nCum cupiditate dicta magnam nam voluptatem velit incidunt at. Est hic sint incidunt aut. Sapiente et nisi vitae id.\n\nEt exercitationem est ad quod odio distinctio doloremque. Provident tempore aut fugiat labore eos aliquam. Earum minus laboriosam expedita id adipisci magni.\n\nSequi ipsa rerum ipsa. Quo laudantium pariatur in distinctio. Et dolor incidunt nihil dolores possimus nesciunt.\n\nQuis est ipsam velit quaerat. Et id illo ipsa quas molestias labore. Sint est repellendus iure. Quis officia dolorem quo officiis.', 'files/61f689cb88342-1643547083/default.pdf', NULL, NULL, NULL, '2022-01-30 12:51:24', '2022-01-30 12:51:35', NULL, NULL, NULL, NULL),
	(14, '2020', '0000', NULL, NULL, '', 'Id debitis vel molestiae possimus aut eum.', 'quaerat-libero-ratione-et-modi-consequatur-error-aut-tempora', '1', '', 'Wardaya Pradana', '', '6019253792764417', '', 'B-251/med-zoz/06/2020', '2020-07-10', 'ktp/61f689cc316f8-1643547084/Pa1ircNKTOyQD2kCm4WRNKiEeCX730wOplGhkRPU.png', 'Magni est eius nihil culpa veniam. Cum doloremque ea vel perferendis veniam culpa itaque. Aut sint architecto sit perspiciatis.\n\nAmet sint autem provident corporis. In voluptas dignissimos mollitia rem. Debitis et vero ad. Suscipit minus id vel.\n\nRerum totam voluptas mollitia modi. At placeat soluta rerum voluptatum doloremque delectus alias fuga.\n\nAb non temporibus earum nostrum autem. Non nostrum nulla quos eveniet. Dolor facere necessitatibus voluptas et.\n\nVoluptas est aliquid dolores omnis dolorem ut. Quia dolore doloribus tempore. Inventore ad quibusdam ipsam quia voluptate velit beatae. Id aliquam sapiente ut quae.\n\nDicta omnis iusto architecto quo. Occaecati blanditiis facere in ipsam. Nemo dolor est praesentium et.\n\nNulla necessitatibus qui fugit nihil quas praesentium sed. Quia est tempore quas porro vel aut alias. Quas alias consequuntur eum ullam ratione odio aliquam.', 'files/61f689cc316f8-1643547084/default.pdf', NULL, NULL, NULL, '2022-01-30 12:51:24', '2022-01-30 12:51:35', NULL, NULL, NULL, NULL),
	(15, '2020', '0000', NULL, NULL, '', 'Placeat qui maxime.', 'sit-suscipit-dolor-ut-provident-molestiae', '4', '', 'Padma Patricia Prastuti', '', '1704927329149264', '', 'B-001/ubx-ygq/09/2020', '2020-10-03', 'ktp/61f689cccca81-1643547084/FXe9xbYjmP3nXp7ZnfuCoyu0OFh9iCdPsYOGBGgC.png', 'Quia voluptatem sit odit quia ea. Omnis ut facilis quia aspernatur ut. Rerum repellat numquam minus sapiente sed.\n\nEt praesentium repellendus debitis enim voluptas distinctio laudantium. Consequatur distinctio expedita molestiae laudantium. Et dolorem dolor distinctio autem. Quidem aut magni deserunt praesentium architecto adipisci.\n\nEst eos magni reprehenderit atque. Aut aliquid nesciunt quod qui. Aut eum enim dignissimos qui eligendi possimus doloremque. Quidem omnis earum rem dolores eius.\n\nQuaerat eius autem nemo perspiciatis aperiam. Voluptas dicta iste autem quam suscipit hic in. Eum consequatur doloremque nostrum voluptas hic dolores nihil fugiat.\n\nOdit ex quae doloribus qui voluptas necessitatibus. Neque deleniti eos optio enim illo. Est fuga voluptate quia quasi. Repudiandae aliquid molestiae tempora molestiae nostrum nihil aut repudiandae.\n\nMollitia iure ex neque aut harum culpa quod. Aperiam ut ratione sequi qui libero debitis. Ut porro est reprehenderit.\n\nQuod consectetur doloribus quod ducimus exercitationem qui. Non natus culpa consequatur et rerum. Et non rerum quasi exercitationem id dolorum.\n\nQui dolores qui commodi. Maxime repellat corporis id dicta. Possimus dolorem sit eos fuga. Ipsam aut adipisci et perferendis excepturi velit dicta.\n\nEt omnis inventore quam. Voluptates nam qui repellendus veniam. Laboriosam quo iste asperiores ex est. Illum sit sit rerum in exercitationem illum enim. Accusamus ut odit occaecati odio fugit quia non.\n\nDelectus labore atque aperiam et ea veniam. At et debitis aut non minima. Enim vel fuga quam ratione unde sit. Dolores odio eligendi distinctio.', 'files/61f689cccca81-1643547084/default.pdf', NULL, NULL, NULL, '2022-01-30 12:51:25', '2022-01-30 12:51:35', NULL, NULL, NULL, NULL),
	(16, '2020', '0000', NULL, NULL, '', 'Perferendis sequi aperiam et.', 'est-quasi-soluta-quia-reiciendis-dolores-fugit', '1', '', 'Marwata Samosir', '', '1377269182165667', '', 'B-893/ztf-otx/09/2020', '2020-03-29', 'ktp/61f689cd60fe6-1643547085/rmP4yJdvZMzFOOaneuWdy1HnatCZo76H6frx7WDt.png', 'Enim veniam aut enim. Sapiente autem perferendis voluptas aliquam ex. Ipsam repudiandae modi in labore ipsa recusandae facere. Sint ipsa nemo natus non tenetur nihil et.\n\nVoluptate amet fuga vel. Similique debitis labore laudantium possimus. Delectus facilis consectetur eos fugiat.\n\nIpsum sed ut natus sequi odio corrupti. Nisi fuga voluptas tempore quaerat molestias. Quaerat tempore ab nam nam eos qui.\n\nEst possimus nostrum id voluptatem culpa rerum. Vitae ipsam placeat id. Vel minima totam et ea ut. Et pariatur exercitationem cum aliquid in totam consequatur possimus.\n\nAutem quos quos aut sed quibusdam eveniet accusantium. Consectetur et dolore tempore quaerat beatae iste. Atque id porro excepturi quia repudiandae doloribus fugit doloribus. Unde sed non sunt esse.\n\nAut molestiae est voluptatum odit. Et aut qui beatae ipsam. Non illum autem dolor quis animi assumenda fuga.', 'files/61f689cd60fe6-1643547085/default.pdf', NULL, NULL, NULL, '2022-01-30 12:51:26', '2022-01-30 12:51:35', NULL, NULL, NULL, NULL),
	(17, '2022', '0000', NULL, NULL, '', 'Animi nihil odio sunt dolorum dicta amet.', 'voluptatem-magnam-ut-doloremque', '5', '', 'Prayogo Aswani Hidayanto', '', '8071982419909045', '', 'B-878/oje-pxx/09/2022', '2022-06-23', 'ktp/61f689ce07e0e-1643547086/59v9VM0KV8Bihkxg4QcofpjajoEFea0s2Ul62NXP.png', 'Numquam quas itaque illum. Ea odit exercitationem doloremque placeat. Saepe aut et dolorem dolore repellat doloribus porro. Sit hic aut ut magni voluptatem nam libero.\n\nDeleniti non excepturi libero voluptates minima. Perspiciatis molestias dignissimos consequatur consequatur minima praesentium commodi. Facilis harum qui magni maxime rerum et molestias culpa.\n\nDolor libero ut inventore ut vero omnis et. Autem et quis consequatur unde ut quasi rem. Magni consequuntur ipsa pariatur omnis doloremque quia accusantium aut.\n\nVel iure laboriosam at voluptas velit. Beatae aperiam veritatis quia. Voluptatum omnis corporis ipsam laboriosam occaecati.\n\nAut non tenetur mollitia quis repellendus. Odio nemo vel in nulla voluptas. Aut omnis dolor dignissimos consectetur quia voluptas sequi.\n\nExercitationem tenetur quaerat soluta aliquam perspiciatis non. Enim necessitatibus animi delectus dolorum dolorem est quos nemo. Autem consequuntur possimus dolorum voluptas doloribus aut vero. Eum ut libero numquam esse voluptatem aut et.\n\nIn ut porro id ut. Consectetur sed dolores minima. Esse qui perferendis omnis enim nam.\n\nVoluptate reprehenderit at et voluptatibus. Unde quis atque eos qui ipsam. Suscipit numquam voluptate rerum et.', 'files/61f689ce07e0e-1643547086/default.pdf', NULL, NULL, NULL, '2022-01-30 12:51:26', '2022-01-30 12:51:35', NULL, NULL, NULL, NULL),
	(18, '2020', '0000', NULL, NULL, '', 'Aut dolorem voluptas.', 'omnis-fuga-dolore-molestias-iusto', '1', '', 'Ilyas Ihsan Mansur', '', '6770747710518486', '', 'B-117/ypi-hyl/06/2020', '2020-03-08', 'ktp/61f689ceb1e3f-1643547086/ZBe1GCNeD0c6dy3tiWPpwi7nBhBwOIjr2FDxlHHR.png', 'Ut nisi pariatur ad qui harum nihil. Voluptas qui quod cum unde exercitationem quo nobis suscipit. Vel et totam voluptatibus sequi maiores dolorem.\n\nEum facere blanditiis possimus sunt adipisci. Beatae quidem ea veniam ut. Vero ea asperiores eum quo id nesciunt. Quidem neque eum quam ducimus.\n\nQuia laudantium ad nobis et. Aperiam voluptatibus ea voluptatem aut voluptatem.\n\nQuia praesentium sequi et architecto ratione. Commodi hic ut incidunt ut. Commodi praesentium soluta praesentium sunt.\n\nRerum reprehenderit vitae dolor alias omnis qui dolorem omnis. Enim sequi impedit rerum. Ut sit fuga eaque veniam laborum ipsam a.\n\nOptio expedita quis vel nobis voluptas unde et. Libero sequi tenetur quam in quo voluptate consequatur. Sit est non sequi quasi voluptas voluptate veritatis. Blanditiis adipisci atque aut eum nobis.\n\nA id aut sit ut. Perspiciatis dolorem in at dolor. Iure qui culpa repudiandae quam.', 'files/61f689ceb1e3f-1643547086/default.pdf', NULL, NULL, NULL, '2022-01-30 12:51:27', '2022-01-30 12:51:35', NULL, NULL, NULL, NULL),
	(19, '2019', '0000', NULL, NULL, '', 'Eos rerum facere dolores.', 'inventore-quas-fuga-eaque-consectetur-autem-illo-autem', '5', '', 'Hartaka Nashiruddin', '', '6353601014887647', '', 'B-936/yqj-ush/09/2019', '2019-06-27', 'ktp/61f689cf637db-1643547087/NJwrzfE8AMnYpobDEFlBn1Avxa0hGnmmuHxLLiqD.png', 'Error magnam id deleniti dolorem. Laboriosam rem aut ut fugiat assumenda nemo. Ex ut repellat distinctio odio.\n\nQuia vero quisquam expedita eos. Assumenda quos modi necessitatibus. Saepe molestias voluptas veritatis vitae placeat aut.\n\nPerspiciatis ducimus dignissimos enim enim voluptatem fugiat. Et nostrum sed nostrum maiores qui corporis libero. At voluptas at adipisci aspernatur sint facere. Qui cumque officiis consequatur id cupiditate ex corporis.\n\nSint iusto explicabo ipsam impedit quia quisquam. Placeat voluptas quisquam explicabo praesentium ex occaecati.\n\nNam cupiditate accusantium sunt omnis. Et ullam deserunt accusamus magni doloremque sunt. Fuga molestias officia doloremque ut.\n\nVoluptas voluptatem rerum in est quo in ea. Adipisci cumque ea vitae sed cupiditate error ut neque.\n\nQuidem ut minus consequuntur fugiat sint. Blanditiis dolorem inventore veritatis reprehenderit sed.\n\nExcepturi aut velit iure sit. Nihil rem nesciunt vel quas est. Harum et doloribus soluta vero. Inventore ipsum delectus suscipit.\n\nSunt officia voluptate quidem. Officiis dignissimos omnis sint quaerat. Aut unde sit quis natus tenetur sed optio. Aut sit fugiat accusamus dolorem. Voluptatem non repudiandae ipsa iure.\n\nSoluta id corrupti veritatis ut nihil. Accusamus ut consequatur ut saepe voluptas qui voluptatem. Aut aut error vel ut.', 'files/61f689cf637db-1643547087/default.pdf', NULL, NULL, NULL, '2022-01-30 12:51:27', '2022-01-30 12:51:35', NULL, NULL, NULL, NULL),
	(20, '2019', '0000', NULL, NULL, '', 'Ipsam est magnam ex rerum quia totam.', 'consequatur-esse-reprehenderit-corporis-doloremque-exercitationem-provident-qui-blanditiis', '1', '', 'Bakidin Setiawan', '', '1479742851968365', '', 'B-937/lce-avm/00/2019', '2019-05-15', 'ktp/61f689cfe82aa-1643547087/Xxn7rRFiERMRiDJa8eaETRn5RsiV6awmwbQclgmU.png', 'Doloremque error molestias autem enim beatae itaque iste quas. Autem amet neque iste explicabo quam ut iure. Expedita velit eos autem officiis aperiam accusantium esse. Dolore cumque quia enim ea quos quas.\n\nVoluptas accusantium cupiditate sint perferendis laudantium incidunt. Sit dolorem qui exercitationem. Delectus voluptas ut quod quisquam illum. Animi voluptatem inventore minus.\n\nMaiores quaerat ab culpa ad. Sint ut reiciendis quam sit voluptatum et. Laboriosam id fugiat repudiandae delectus a omnis.\n\nOmnis quo provident dolor mollitia magni. Rem facere esse iusto et debitis aliquam impedit. Maxime provident voluptatem unde alias magnam unde veritatis. Quo tempora quia enim quae odio sit sit ex.\n\nFuga quis qui architecto aliquid. Voluptatum aut velit perferendis non ut debitis sint. Non cumque qui a.\n\nVoluptas quo omnis quia beatae sed accusantium ea. Commodi asperiores voluptas ut eos commodi quaerat exercitationem. Commodi iusto numquam maxime magni qui.\n\nNesciunt autem est recusandae ipsam. Nemo error illum mollitia alias placeat ducimus iusto. Repudiandae fugit qui eius esse id maxime eligendi. Repellendus nihil nam et autem exercitationem.\n\nEt porro qui sit incidunt sapiente nulla. Possimus deserunt sequi dolores et rerum autem blanditiis. Tempore laudantium optio iure praesentium sapiente earum.', 'files/61f689cfe82aa-1643547087/default.pdf', NULL, NULL, NULL, '2022-01-30 12:51:28', '2022-01-30 12:51:35', NULL, NULL, NULL, NULL),
	(21, '2022', '0000', NULL, NULL, '', 'Consectetur officiis velit qui quo.', 'officia-porro-eveniet-nisi-praesentium-quos', '2', '', 'Elma Andriani', '', '6233902267857229', '', 'B-151/gyu-djl/04/2022', '2022-12-24', 'ktp/61f689d0866b9-1643547088/P9NrAcXK9fXDyuL1rhCIIKwonU307Jk3T5oeMzHa.png', 'Voluptatem quisquam excepturi itaque qui. Quo et est fuga ut consectetur asperiores quis omnis. Illum repellendus incidunt modi architecto aut pariatur.\n\nPorro placeat esse illo quia voluptatem. Quis consequatur eius omnis autem. Nesciunt dolores maiores accusantium temporibus.\n\nRatione impedit doloremque quia consequatur. Accusamus voluptatum natus iusto atque. Enim nemo mollitia consequatur dicta.\n\nUt sed aliquid excepturi omnis et. Expedita aspernatur sequi velit. Et est id placeat iste ipsum ab quos.\n\nAut voluptatem temporibus repudiandae ipsa. Iste qui et aut architecto laborum sint velit. Iure dolorem qui illo assumenda.\n\nVoluptatem enim officia dolores aut quisquam consequatur repudiandae. Veniam voluptas et numquam autem in facilis. Voluptatem harum officia quam.', 'files/61f689d0866b9-1643547088/default.pdf', NULL, NULL, NULL, '2022-01-30 12:51:29', '2022-01-30 12:51:35', NULL, NULL, NULL, NULL),
	(22, '2016', '0000', NULL, NULL, '', 'Molestiae voluptas repellendus non dolor ex perferendis.', 'facere-voluptatem-nihil-fugit-doloribus', '1', '', 'Cinthia Pudjiastuti S.Farm', '', '3313065235111360', '', 'B-166/qnv-fqz/00/2016', '2016-08-08', 'ktp/61f689d12f8cb-1643547089/P7ddmWw5d9DiPXQQbwbFVao3OIQqt0gASXFtzqWD.png', 'Quis impedit hic aut culpa. Aut architecto officia at labore. Exercitationem repudiandae maxime voluptates animi quia fugit et.\n\nDoloremque asperiores dolore doloribus optio incidunt et. Quae quaerat aspernatur quae unde voluptatem. Qui cupiditate voluptatibus culpa quis. Dolores qui porro quasi laboriosam consequatur libero consequuntur. Ab quidem facilis aut omnis incidunt officia.\n\nBlanditiis quo molestias nihil incidunt enim accusamus ut. Et est consequuntur molestiae et officiis nisi. Doloremque ex officiis nihil non omnis ea.\n\nNostrum voluptatem autem beatae deleniti incidunt at quia incidunt. Autem eos esse reprehenderit autem voluptates impedit dolorem iste. Ea laboriosam unde distinctio et vero.\n\nDolores architecto atque aut voluptates ut similique dolore. Praesentium illum rerum quis ea unde ab.\n\nSit nobis ea in nostrum assumenda voluptatibus. Nulla dolor eveniet doloremque maiores iste consequatur. Delectus voluptatem eum delectus earum quia. Aut in dolore voluptatem sit sit.\n\nQuidem suscipit voluptas quo aut. Aut aliquid aut eum animi quam. In voluptatem ad doloremque nesciunt ut inventore fugit facere. Ut soluta pariatur quia facilis minima eligendi.\n\nUt illum tempore eveniet ut est iusto. Libero dolorem itaque maiores nemo tempora qui. Quia et eum accusantium similique culpa fuga id velit.\n\nBeatae natus cupiditate corporis ad voluptas dolorum quae. Quia necessitatibus consequatur explicabo non ipsa tempore voluptas. Dolorem labore illo impedit quibusdam itaque.\n\nQuae officiis ad repudiandae eveniet repellat non est. Minus expedita accusantium vero ut.', 'files/61f689d12f8cb-1643547089/default.pdf', NULL, NULL, NULL, '2022-01-30 12:51:29', '2022-01-30 12:51:35', NULL, NULL, NULL, NULL),
	(23, '2020', '0000', NULL, NULL, '', 'Et suscipit.', 'iste-sit-delectus-sit', '2', '', 'Lintang Permata', '', '0571213264803557', '', 'B-062/lks-rns/06/2020', '2020-10-30', 'ktp/61f689d1b685d-1643547089/4vb95wd5mQyPoY5WSCiD8FdRxJWqEZr3IyV1oc83.png', 'Qui necessitatibus ut quidem vitae incidunt perspiciatis doloremque. Fuga enim sit cum maxime id.\n\nAut possimus eos similique quo tempore. Repellat cum provident reprehenderit officia et nulla voluptas. Odit omnis aperiam id qui. Vel consectetur explicabo est voluptatibus.\n\nFuga quia tempora neque vero sequi delectus. Quia reprehenderit explicabo debitis asperiores fugiat nihil. Magni omnis et quos veritatis esse.\n\nDelectus ducimus dignissimos veritatis et dolores ratione. Distinctio occaecati non numquam ea ea. Illum et explicabo consequatur blanditiis quos. Ratione molestias laboriosam tenetur occaecati eum.\n\nCumque aperiam neque est libero. Suscipit adipisci mollitia fuga sunt rerum ut. Earum velit ad et enim a sit.\n\nEum unde sed odit mollitia. Cumque sit maxime et consequatur et sint laudantium ad. Quas omnis amet quisquam dolore aut. Fugiat rem eos id excepturi.\n\nRerum deserunt nulla placeat at qui. Totam voluptas enim voluptatem. Corporis ut voluptatibus animi doloribus. Sed voluptas ut enim sit cum.', 'files/61f689d1b685d-1643547089/default.pdf', NULL, NULL, NULL, '2022-01-30 12:51:30', '2022-01-30 12:51:35', NULL, NULL, NULL, NULL),
	(24, '2021', '0000', NULL, NULL, '', 'Est qui sit.', 'ut-pariatur-laudantium-aut-repellendus', '5', '', 'Perkasa Setiawan', '', '0718755318249587', '', 'B-416/ihv-pcn/00/2021', '2021-02-25', 'ktp/61f689d260d14-1643547090/tbNkQnvUY2szb2tYFkZspeuOPQ2lftW9CUiMrKUz.png', 'Asperiores ea vero dolorem sit atque autem temporibus consequatur. Dolorem ad tempora et sit eos omnis.\n\nExercitationem autem quis dolor maiores sit. Repudiandae cum dignissimos et rerum dolor explicabo nam inventore. Dolores ad nemo soluta corrupti expedita. Pariatur et dicta laborum illum nihil illo enim.\n\nDistinctio est totam distinctio aut nihil ut necessitatibus. Et incidunt debitis iste sit deserunt voluptas aut. Id et vel id velit sint modi eos. Animi cum provident adipisci quaerat architecto.\n\nDoloribus perspiciatis velit tenetur praesentium. Quos aliquid ut nobis reiciendis. Quam qui in facilis deserunt.\n\nAliquid quae omnis fugit tempora natus sint nulla. Temporibus expedita quam molestiae ea. Amet nam non et perferendis doloremque qui. Neque hic quia autem ducimus non.\n\nVoluptatem rerum qui ipsam enim et repellat sapiente. Omnis officiis illo voluptatem alias.', 'files/61f689d260d14-1643547090/default.pdf', NULL, NULL, NULL, '2022-01-30 12:51:31', '2022-01-30 12:51:35', NULL, NULL, NULL, NULL),
	(25, '2021', '0000', NULL, NULL, '', 'Non animi facere laudantium est ut non repellat explicabo.', 'amet-aut-aliquid-sed-saepe-quidem-excepturi', '1', '', 'Harja Natsir', '', '9127965282441454', '', 'B-523/mnr-tzc/04/2021', '2021-08-07', 'ktp/61f689d305371-1643547091/7eMf9dI6xqxuXO07kNAoqUL66dF8gnI69p1kHboc.png', 'Eum consequatur suscipit qui dolor aut suscipit qui. Assumenda fugiat porro deserunt tenetur ipsa. Quia sunt iusto doloribus aut repellat nostrum doloremque. Enim laborum odio deleniti et.\n\nEt sed reiciendis suscipit deleniti et veniam eum. Ut facere impedit id et cupiditate amet qui. Distinctio voluptatem fugit voluptas recusandae molestias vel quaerat et. Repellat dolorem magni odio voluptas et.\n\nSint et mollitia natus. Qui enim temporibus eum quis ullam tempora. Aliquam ex exercitationem excepturi distinctio at autem. At qui modi molestiae rerum temporibus quas eius aut.\n\nVitae alias quo sapiente accusamus vero eum. Debitis ullam atque voluptatem velit animi ea. Nobis dolore dolores corrupti neque vero enim nemo.\n\nSed non officiis necessitatibus dolore. Minima ut sed nihil neque quia eligendi. Non dolorem blanditiis voluptatem sequi. Omnis quae tempore et laboriosam exercitationem.\n\nIpsum id est cum labore. Cupiditate voluptas voluptas voluptate. Culpa expedita dignissimos nihil non et possimus modi.\n\nExpedita vitae labore ut. Est labore aut in et dolores consequatur.\n\nAssumenda sit saepe voluptatem. Voluptatem quo optio pariatur doloremque. Unde amet velit molestias eum sint. Et iusto facilis sequi commodi fugiat est rerum.', 'files/61f689d305371-1643547091/default.pdf', NULL, NULL, NULL, '2022-01-30 12:51:31', '2022-01-30 12:51:35', NULL, NULL, NULL, NULL),
	(26, '2017', '0000', NULL, NULL, '', 'Molestiae tempora nisi natus sint esse.', 'minus-inventore-esse-quia-sint', '5', '', 'Galak Capa Kurniawan', '', '7517638312324308', '', 'B-648/xpx-qmz/01/2017', '2017-11-26', 'ktp/61f689d3b19fe-1643547091/9kI8xSksn2ktM3aKOqDpHjnB4bvSLeIoKBMyqQOv.png', 'Quia ratione in velit eveniet deleniti dignissimos quam totam. Rerum enim quia veritatis saepe aperiam et. Esse est qui in et sit eum est. Dolorem nisi saepe voluptates. Non non et ea deleniti.\n\nQuia ab qui distinctio a. Expedita ut aut est debitis eum quis. Et nulla ratione quo. Eaque minus nobis aut quam cumque veritatis sunt.\n\nAutem tempore maxime quod placeat est. Soluta architecto sunt aliquid quam provident recusandae quos. Quia dolores non dignissimos et quaerat porro. Ab rerum et itaque dolorum dolores.\n\nBeatae corporis modi et. Aperiam repellendus nam assumenda et id magni aut. Non blanditiis nam debitis deleniti ut.\n\nDeleniti voluptas ut aliquam omnis. Eligendi molestias dolorem aliquid rem ullam voluptatem expedita.\n\nAut amet minus est facilis et facere. Cumque asperiores architecto reiciendis dignissimos omnis in. Ea corporis dolorem fugiat repellat aliquid iure. Nostrum et praesentium qui sed.\n\nCumque provident sit voluptatibus ut eveniet exercitationem magni. Totam et non enim molestias et ratione delectus iste. Cupiditate at nobis consequuntur.\n\nQui tenetur nobis repudiandae expedita. Sit dolorum quasi natus quidem consequatur nemo explicabo. Quas quasi qui enim consequatur id dolorum.\n\nEst et quia molestias ab voluptatibus aperiam. Asperiores et assumenda corrupti et nulla illum explicabo. Nobis laboriosam deleniti est est. Officia quos maxime ea quidem facere et dolore.\n\nOdit ipsam et qui dicta inventore et. Eius omnis perspiciatis cupiditate quidem. Enim eos voluptatem est vel vel.', 'files/61f689d3b19fe-1643547091/default.pdf', NULL, NULL, NULL, '2022-01-30 12:51:32', '2022-01-30 12:51:35', NULL, NULL, NULL, NULL),
	(27, '2017', '0000', NULL, NULL, '', 'Aut quisquam vel necessitatibus facere expedita culpa incidunt.', 'aut-ullam-voluptatem-velit-doloremque-et-consequatur', '4', '', 'Vanya Suryatmi', '', '9468151986987800', '', 'B-927/ynh-bmz/04/2017', '2017-05-27', 'ktp/61f689d473399-1643547092/WLm4Zcyeh1lTM0nxJcOCvKFkzYvWf6cMc5NPxs3I.png', 'Tenetur non optio recusandae illo magnam dolores vel. Quae voluptas perferendis voluptatem dolor voluptatum. Et consequuntur et cupiditate fugiat.\n\nQui consequatur quia ducimus facilis. Voluptatem magni quisquam fuga. Rerum voluptatum quia provident nulla fugiat neque quo.\n\nTempore cumque dolorem modi est. Voluptates repellat officia nisi modi. Magnam voluptas quia inventore quod et architecto. Quibusdam aut architecto in ea.\n\nLaudantium ipsa occaecati iure fuga. Placeat qui cum iste itaque ea quia non. Quod dolor similique voluptatem maxime vero temporibus.\n\nQuae suscipit doloremque non sit atque facere qui. Distinctio iure id beatae et nesciunt quos. Nihil nam in eius commodi. Ut voluptatem nisi enim aut.\n\nSit blanditiis autem incidunt sit saepe ea. Ex labore eum sed facilis odio occaecati aut. Maiores soluta illum aut odio beatae quia nam.\n\nVeniam explicabo sunt alias ab. Quod ex et rerum ad.\n\nRatione aperiam qui itaque voluptatibus quisquam. Illo est illum perferendis. Qui nisi molestiae porro voluptatem veniam omnis delectus ex. Suscipit quasi id tenetur reprehenderit eaque et.\n\nDistinctio exercitationem aut blanditiis qui sint reprehenderit molestiae. Est blanditiis impedit mollitia facilis possimus dolore consequuntur enim. Fugit accusamus aut consequatur et. Qui nihil facere autem nam.\n\nFugit reprehenderit dolorem libero tempora iusto suscipit. Aut quasi commodi expedita quia et. Amet quo error architecto velit quaerat ipsum. Explicabo ex autem sed quisquam et.', 'files/61f689d473399-1643547092/default.pdf', NULL, NULL, NULL, '2022-01-30 12:51:33', '2022-01-30 12:51:35', NULL, NULL, NULL, NULL),
	(28, '2022', '0000', NULL, NULL, '', 'Architecto enim similique.', 'libero-ut-omnis-cupiditate-voluptatibus-molestias-aut-quasi', '4', '', 'Darmanto Jailani', '', '4996301730173036', '', 'B-181/nnj-awt/08/2022', '2022-01-29', 'ktp/61f689d507857-1643547093/kjXh3mu3GPdWVjs4otxaWDKO4qaIJjMbSHreIyrH.png', 'Consequatur sint natus beatae dignissimos natus. Ea praesentium autem odio veritatis repudiandae laudantium. Illum ratione maxime iure esse enim qui cupiditate quisquam.\n\nVoluptas sit iusto voluptatibus soluta qui. Totam aut veniam ipsam ipsum. Non qui ratione blanditiis.\n\nImpedit voluptatem aut dignissimos magni voluptatem et. Tempora laboriosam corporis dolorem sed. Repellat dolor nisi rem facilis. Neque sint impedit aut quisquam debitis hic provident.\n\nNumquam modi quaerat nemo. Dolore odio nihil possimus harum eveniet ut. Quo dolorem debitis quis sed quos quia. Et rem aliquid fugit eum.\n\nSit fuga facere illum sunt qui rerum. Et dolorem saepe quibusdam voluptas illo possimus. Deserunt alias inventore veritatis.\n\nQuas et consequatur maxime repellendus. Rem consequatur rerum accusantium quod illum rem et. Dolorem asperiores rem voluptas molestiae nostrum blanditiis. Dolor quis officia occaecati molestiae magnam.', 'files/61f689d507857-1643547093/default.pdf', NULL, NULL, NULL, '2022-01-30 12:51:33', '2022-01-30 12:51:35', NULL, NULL, NULL, NULL),
	(29, '2020', '0000', NULL, NULL, '', 'Esse magni distinctio labore numquam dolor accusamus libero.', 'ipsum-aut-tempore-quas-commodi-pariatur', '3', '', 'Dina Astuti', '', '5755373905495540', '', 'B-763/fkf-bzk/03/2020', '2020-08-06', 'ktp/61f689d59f3e8-1643547093/XW01cMvvmQCkV0uMqqzeEFuegBbcmasCzwGteBBo.png', 'Officia quam odio officia mollitia. Tenetur omnis minima rerum dolorem illo. Adipisci repellat non assumenda et quam sed. Eum cum corporis aliquam saepe.\n\nRerum veritatis atque at omnis quasi. Molestias animi in autem nulla doloribus dolore quisquam. Nesciunt ut optio soluta aliquid ut nesciunt. Numquam voluptatem quis accusamus enim harum magni.\n\nSunt doloremque non maiores doloribus corrupti. Provident voluptatem odio et nostrum consequatur praesentium eius.\n\nTempora odio voluptatum voluptatem consequatur eum. Tempore numquam magni dolor eos voluptas deserunt. Exercitationem ut sapiente dolorum quia.\n\nSed eos similique quisquam dicta. Illo est molestias laborum commodi. Nihil ad et itaque voluptatum provident debitis temporibus.\n\nCupiditate necessitatibus distinctio fugiat et omnis facilis molestiae. Nostrum a qui deserunt. Qui eum in nesciunt temporibus recusandae eum. Debitis ut est repudiandae doloribus explicabo sit.\n\nRerum aliquid blanditiis ut voluptas architecto. Sunt ducimus maiores aut est maiores et. Repudiandae unde nostrum illo rem.\n\nReprehenderit qui perspiciatis a earum consectetur omnis ut voluptas. Iure atque modi quasi quo id quasi dolorum ullam. Repellat suscipit autem eos voluptatem officiis ut sapiente harum. Rerum tenetur est maiores ut tenetur ut.\n\nEt consequatur sint asperiores reiciendis. Quidem unde minus consequatur expedita laborum ad blanditiis.\n\nPlaceat optio dolorem qui aperiam dolor. Aut qui voluptatem eos et vero suscipit. In ratione ut numquam sequi quidem amet fugiat. Est non et est eos.', 'files/61f689d59f3e8-1643547093/default.pdf', NULL, NULL, NULL, '2022-01-30 12:51:34', '2022-01-30 12:51:35', NULL, NULL, NULL, NULL),
	(30, '2017', '0000', NULL, NULL, '', 'Corporis cumque soluta ducimus culpa iure quia ut ut.', 'omnis-qui-recusandae-voluptate-quia', '1', '', 'Hari Salahudin', '', '4693669326526200', '', 'B-962/urg-lko/02/2017', '2017-12-07', 'ktp/61f689d664fc2-1643547094/fuS4J7GIXiaUxoIoGPZC5XWs5TmQ9EIRtKSvZBJg.png', 'Dolores iste ad repellat sit animi aspernatur rerum. Cumque delectus et maiores. Et quia earum adipisci doloribus saepe et placeat pariatur. Minima et quod voluptatem explicabo quia ipsa est.\n\nIpsam laboriosam sunt velit. Est et tenetur quae officia vel et tempore.\n\nAut culpa perferendis mollitia delectus voluptas voluptatem omnis. Quia aut enim voluptas at excepturi. Molestiae fugiat totam et et aut. Ab ratione et excepturi aperiam unde id.\n\nDicta facilis ea animi consequuntur officiis omnis dolor. Cumque eos aspernatur impedit pariatur cupiditate. Natus unde sit repellendus nihil magni.\n\nQuia facere magni sint animi cum veniam accusantium facere. Quis tempore modi et qui atque architecto. Quisquam itaque officiis ut aliquam omnis alias ad. Officia similique dolor corporis voluptas consequatur.\n\nMollitia odit impedit consequuntur sunt voluptate. Cumque quam nisi et omnis aut autem ullam voluptatem. Incidunt aut eveniet temporibus aut adipisci.\n\nSapiente quis sunt dolorem labore assumenda harum cum. Laboriosam ipsam et enim velit quia blanditiis nostrum aut.\n\nError consequatur praesentium nostrum id distinctio commodi ipsum quia. Veniam est aut quia eos. Dicta cum atque corporis velit dolorem sunt. Sit similique blanditiis nemo et est rem. Voluptate asperiores et illum quia hic sit expedita voluptatem.\n\nAut aliquam aut et illo nisi enim magni. Occaecati dolores ut voluptatem optio minima.\n\nSit dolore eaque vero. Non molestiae quisquam dolorem tenetur debitis ut sequi. Aut iusto praesentium tenetur occaecati aspernatur. Quis error dolor itaque aliquid.', 'files/61f689d664fc2-1643547094/default.pdf', NULL, NULL, NULL, '2022-01-30 12:51:35', '2022-01-30 12:51:35', NULL, NULL, NULL, NULL),
	(31, '2017', '2017', '2022-03-06', '2022-04-11', 'Dalam Negeri', 'Tes fungsi pesan', 'tes-fungsi-pesan(1)', '2', 'Kementerian/Lembaga', 'sfsdkafjkie jfoeij', 'sfsfsdfsdf', NULL, '4363452525', NULL, '2022-03-09', NULL, NULL, NULL, NULL, NULL, NULL, '2022-03-09 14:41:43', '2022-03-09 17:45:04', NULL, 1, 1, NULL),
	(32, '2020', '2022', '2023-05-09', '2023-06-30', 'Luar Negeri', 'Tes fungsi pesan 277777', 'tes-fungsi-pesan-277777', '1,4', 'Organisasi Masyarakat', 'sfsdkafjkie jfoeij', 'sfsfsdfsdf', '7505025801950001', '4363452525', 'B-23u9/4/fadf/dsf/1201', '2022-03-22', 'ktp/6228bf7889f13-1646837624/1646837624_invite.png', '<h2 style="margin-right: 0px; margin-bottom: 10px; margin-left: 0px; padding: 0px; font-weight: 400; font-family: DauphinPlain; font-size: 24px; line-height: 24px;"><span style="font-family: &quot;Open Sans&quot;, Arial, sans-serif; font-size: 14px; text-align: justify;">"But I must explain to you how all this mistaken idea of denouncing pleasure and praising pain was born and I will give you a complete account of the system, and expound the actual teachings of the great explorer of the truth, the master-builder of human happiness. No one rejects, dislikes, or avoids pleasure itself, because it is pleasure, but because those who do not know how to pursue pleasure rationally encounter consequences that are extremely painful. Nor again is there anyone who loves or pursues or desires to obtain pain of itself, because it is pain, but because occasionally circumstances occur in which toil and pain can procure him some great pleasure. To take a trivial example, which of us ever undertakes laborious physical exercise, except to obtain some advantage from it? But who has any right to find fault with a man who chooses to enjoy a pleasure that has no annoying consequences, or one who avoids a pain that produces no resultant pleasure?"</span></h2><h2 style="margin-right: 0px; margin-bottom: 10px; margin-left: 0px; padding: 0px; font-weight: 400; font-family: DauphinPlain; font-size: 24px; line-height: 24px;">"But I must explain to you how all this mistaken idea of denouncing pleasure and praising pain was born and I will give you a complete account of the system, and expound the actual teachings of the great explorer of the truth, the master-builder of human happiness. No one rejects, dislikes, or avoids pleasure itself, because it is pleasure, but because those who do not know how to pursue pleasure rationally encounter consequences that are extremely painful. Nor again is there anyone who loves or pursues or desires to obtain pain of itself, because it is pain, but because occasionally circumstances occur in which toil and pain can procure him some great pleasure. To take a trivial example, which of us ever undertakes laborious physical exercise, except to obtain some advantage from it? But who has any right to find fault with a man who chooses to enjoy a pleasure that has no annoying consequences, or one who avoids a pain that produces no resultant pleasure?"</h2><h2 style="margin-right: 0px; margin-bottom: 10px; margin-left: 0px; padding: 0px; font-weight: 400; font-family: DauphinPlain; font-size: 24px; line-height: 24px;">"But I must explain to you how all this mistaken idea of denouncing pleasure and praising pain was born and I will give you a complete account of the system, and expound the actual teachings of the great explorer of the truth, the master-builder of human happiness. No one rejects, dislikes, or avoids pleasure itself, because it is pleasure, but because those who do not know how to pursue pleasure rationally encounter consequences that are extremely painful. Nor again is there anyone who loves or pursues or desires to obtain pain of itself, because it is pain, but because occasionally circumstances occur in which toil and pain can procure him some great pleasure. To take a trivial example, which of us ever undertakes laborious physical exercise, except to obtain some advantage from it? But who has any right to find fault with a man who chooses to enjoy a pleasure that has no annoying consequences, or one who avoids a pain that produces no resultant pleasure?"<span style="font-family: &quot;Open Sans&quot;, Arial, sans-serif; font-size: 14px; text-align: justify;"><br></span><br></h2>', '1646840445_Transaction_Receipt BRI.pdf', '<h3 style="margin: 15px 0px; padding: 0px; font-size: 14px; font-family: &quot;Open Sans&quot;, Arial, sans-serif;">Section 1.10.33 of "de Finibus Bonorum et Malorum", written by Cicero in 45 BC</h3><p style="margin-right: 0px; margin-bottom: 15px; margin-left: 0px; padding: 0px; text-align: justify; font-family: &quot;Open Sans&quot;, Arial, sans-serif;">"At vero eos et accusamus et iusto odio dignissimos ducimus qui blanditiis praesentium voluptatum deleniti atque corrupti quos dolores et quas molestias excepturi sint occaecati cupiditate non provident, similique sunt in culpa qui officia deserunt mollitia animi, id est laborum et dolorum fuga. Et harum quidem rerum facilis est et expedita distinctio. Nam libero tempore, cum soluta nobis est eligendi optio cumque nihil impedit quo minus id quod maxime placeat facere possimus, omnis voluptas assumenda est, omnis dolor repellendus. Temporibus autem quibusdam et aut officiis debitis aut rerum necessitatibus saepe eveniet ut et voluptates repudiandae sint et molestiae non recusandae. Itaque earum rerum hic tenetur a sapiente delectus, ut aut reiciendis voluptatibus maiores alias consequatur aut perferendis doloribus asperiores repellat."</p>', 'penelitian/6228bf78c09ce-1646837624/1646837624_[ISCHAIN] 8 Faidah Hukum Bitcoin.pdf', NULL, '2022-03-09 14:53:44', '2022-03-09 22:59:24', NULL, 1, 1, NULL),
	(33, '2016', '2016', '2022-03-08', '2022-04-07', 'Dalam Negeri', 'Tes fungsi pesan', 'tes-fungsi-pesan(2)', '1,3,4,5', 'Individu', 'fgfdgfd', 'sfsfsdfsdf', '7505025801950001', '4363452525', 'B-23u9/4/fadf/dsf/2018', '2022-03-10', NULL, NULL, NULL, NULL, NULL, NULL, '2022-03-09 18:39:45', '2022-03-09 22:58:48', NULL, 1, 1, NULL);
/*!40000 ALTER TABLE `risets` ENABLE KEYS */;

-- Dumping structure for table litbang.roles
CREATE TABLE IF NOT EXISTS `roles` (
  `id` bigint(20) unsigned NOT NULL AUTO_INCREMENT,
  `name` varchar(64) COLLATE utf8mb4_unicode_ci NOT NULL,
  `display_name` varchar(255) COLLATE utf8mb4_unicode_ci NOT NULL,
  `description` varchar(255) COLLATE utf8mb4_unicode_ci DEFAULT NULL,
  `is_super` tinyint(1) NOT NULL DEFAULT '0',
  `created_at` timestamp NULL DEFAULT NULL,
  `updated_at` timestamp NULL DEFAULT NULL,
  `deleted_at` timestamp NULL DEFAULT NULL,
  `created_by` bigint(20) unsigned DEFAULT NULL,
  `updated_by` bigint(20) unsigned DEFAULT NULL,
  `deleted_by` bigint(20) unsigned DEFAULT NULL,
  PRIMARY KEY (`id`),
  UNIQUE KEY `roles_name_unique` (`name`)
) ENGINE=InnoDB AUTO_INCREMENT=7 DEFAULT CHARSET=utf8mb4 COLLATE=utf8mb4_unicode_ci;

-- Dumping data for table litbang.roles: ~6 rows (approximately)
/*!40000 ALTER TABLE `roles` DISABLE KEYS */;
INSERT INTO `roles` (`id`, `name`, `display_name`, `description`, `is_super`, `created_at`, `updated_at`, `deleted_at`, `created_by`, `updated_by`, `deleted_by`) VALUES
	(1, 'super_admin', 'Super Admin', NULL, 1, '2022-01-30 12:51:15', '2022-01-30 12:51:15', NULL, NULL, NULL, NULL),
	(2, 'admin_bapppeda', 'Admin Bapppeda', 'Admin Badan Perencanaan Pembangunan dan Percepatan Provinsi Gorontalo', 0, '2022-01-30 12:51:15', '2022-01-30 12:51:15', NULL, NULL, NULL, NULL),
	(3, 'operator_bapppeda', 'Operator Bapppeda', 'Operator Badan Perencanaan Pembangunan dan Percepatan Provinsi Gorontalo', 0, '2022-01-30 12:51:15', '2022-01-30 12:51:15', NULL, NULL, NULL, NULL),
	(4, 'admin_kesbang', 'Admin Kesbang', 'Admin Badan Kesatuan Bangsa Provinsi Gorontalo', 0, '2022-01-30 12:51:15', '2022-01-30 12:51:15', NULL, NULL, NULL, NULL),
	(5, 'operator_kesbang', 'Operator Kesbang', 'Operator Badan Kesatuan Bangsa Provinsi Gorontalo', 0, '2022-01-30 12:51:15', '2022-01-30 12:51:15', NULL, NULL, NULL, NULL),
	(6, 'pengguna', 'Pengguna', 'Pengguna Aplikasi Database Kelitbangan', 0, '2022-01-30 12:51:15', '2022-01-30 12:51:15', NULL, NULL, NULL, NULL);
/*!40000 ALTER TABLE `roles` ENABLE KEYS */;

-- Dumping structure for table litbang.settings
CREATE TABLE IF NOT EXISTS `settings` (
  `id` bigint(20) unsigned NOT NULL AUTO_INCREMENT,
  `site_description` longtext COLLATE utf8mb4_unicode_ci NOT NULL,
  `banner` varchar(255) COLLATE utf8mb4_unicode_ci DEFAULT NULL,
  `infografis` varchar(255) COLLATE utf8mb4_unicode_ci DEFAULT NULL,
  `login_pict` varchar(255) COLLATE utf8mb4_unicode_ci DEFAULT NULL,
  `site_title` varchar(255) COLLATE utf8mb4_unicode_ci DEFAULT NULL,
  `site_tagline` varchar(255) COLLATE utf8mb4_unicode_ci DEFAULT NULL,
  `site_logo` varchar(255) COLLATE utf8mb4_unicode_ci DEFAULT NULL,
  `site_favicon` varchar(255) COLLATE utf8mb4_unicode_ci DEFAULT NULL,
  `created_at` timestamp NULL DEFAULT NULL,
  `updated_at` timestamp NULL DEFAULT NULL,
  `created_by` bigint(20) unsigned DEFAULT NULL,
  `updated_by` bigint(20) unsigned DEFAULT NULL,
  `deleted_by` bigint(20) unsigned DEFAULT NULL,
  PRIMARY KEY (`id`)
) ENGINE=InnoDB AUTO_INCREMENT=2 DEFAULT CHARSET=utf8mb4 COLLATE=utf8mb4_unicode_ci;

-- Dumping data for table litbang.settings: ~0 rows (approximately)
/*!40000 ALTER TABLE `settings` DISABLE KEYS */;
INSERT INTO `settings` (`id`, `site_description`, `banner`, `infografis`, `login_pict`, `site_title`, `site_tagline`, `site_logo`, `site_favicon`, `created_at`, `updated_at`, `created_by`, `updated_by`, `deleted_by`) VALUES
	(1, 'Lorem Ipsum is simply dummy text of the printing and typesetting industry. Lorem Ipsum has been the industry standard dummy text ever since the 1500s, when an unknown printer took a galley of type and scrambled it to make a type specimen book. It has survived not only five centuries, but also the leap into electronic typesetting, remaining essentially unchanged. It was popularised in the 1960s with the release of Letraset sheets containing Lorem Ipsum passages, and more recently with desktop publishing software like Aldus PageMaker including versions of Lorem Ipsum.', NULL, NULL, 'login_pict/login-bg.jpg', 'Database Kelitbangan', 'Gorontalo, Indonesia', 'logo/_Logo.png', 'favicon/_favicon.png', '2022-01-30 12:51:15', '2022-01-30 12:51:15', NULL, NULL, NULL);
/*!40000 ALTER TABLE `settings` ENABLE KEYS */;

-- Dumping structure for table litbang.users
CREATE TABLE IF NOT EXISTS `users` (
  `id` bigint(20) unsigned NOT NULL AUTO_INCREMENT,
  `name` varchar(255) COLLATE utf8mb4_unicode_ci NOT NULL,
  `username` varchar(255) COLLATE utf8mb4_unicode_ci NOT NULL,
  `email` varchar(128) COLLATE utf8mb4_unicode_ci NOT NULL,
  `email_verified_at` timestamp NULL DEFAULT NULL,
  `password` varchar(255) COLLATE utf8mb4_unicode_ci NOT NULL,
  `role_id` bigint(20) unsigned NOT NULL,
  `phone` varchar(20) COLLATE utf8mb4_unicode_ci DEFAULT NULL,
  `photo` varchar(255) COLLATE utf8mb4_unicode_ci DEFAULT NULL,
  `nip` varchar(255) COLLATE utf8mb4_unicode_ci DEFAULT NULL,
  `is_active` tinyint(1) NOT NULL DEFAULT '1',
  `last_login` timestamp NULL DEFAULT NULL,
  `kode_wilayah` varchar(255) COLLATE utf8mb4_unicode_ci DEFAULT NULL,
  `remember_token` varchar(100) COLLATE utf8mb4_unicode_ci DEFAULT NULL,
  `created_at` timestamp NULL DEFAULT NULL,
  `updated_at` timestamp NULL DEFAULT NULL,
  `deleted_at` timestamp NULL DEFAULT NULL,
  `created_by` bigint(20) unsigned DEFAULT NULL,
  `updated_by` bigint(20) unsigned DEFAULT NULL,
  `deleted_by` bigint(20) unsigned DEFAULT NULL,
  PRIMARY KEY (`id`),
  UNIQUE KEY `users_username_unique` (`username`),
  UNIQUE KEY `users_email_unique` (`email`)
) ENGINE=InnoDB AUTO_INCREMENT=37 DEFAULT CHARSET=utf8mb4 COLLATE=utf8mb4_unicode_ci;

-- Dumping data for table litbang.users: ~36 rows (approximately)
/*!40000 ALTER TABLE `users` DISABLE KEYS */;
INSERT INTO `users` (`id`, `name`, `username`, `email`, `email_verified_at`, `password`, `role_id`, `phone`, `photo`, `nip`, `is_active`, `last_login`, `kode_wilayah`, `remember_token`, `created_at`, `updated_at`, `deleted_at`, `created_by`, `updated_by`, `deleted_by`) VALUES
	(1, 'admin', 'admin', 'admin@bps.go.id', NULL, '$2y$10$JNZ1mEu6eH6CHoMHvsZbo.Eeh1o6qGdAlY/.09sgJT4.EoHGuosR.', 1, NULL, 'profil/avatar-4.png', NULL, 1, '2022-03-10 01:14:32', NULL, NULL, '2022-01-30 12:51:13', '2022-03-10 01:14:32', NULL, NULL, NULL, NULL),
	(2, 'admin kesbangpol', 'admin.kesbang', 'admin.kesbang@gmail.com', NULL, '$2y$10$UF/UHx8QsqoImVdDsAqQxedL1SJPN1VFTz6lkJjdfUDlKC1BF0B86', 4, NULL, 'profil/avatar-1.png', NULL, 1, '2022-01-30 12:52:02', NULL, NULL, '2022-01-30 12:51:13', '2022-01-30 12:52:02', NULL, NULL, NULL, NULL),
	(3, 'operator kesbang', 'operator.kesbang', 'operator.kesbang@gmail.com', NULL, '$2y$10$/agE0Up4XER/6rE1i1xCVeQguKvhp7RLKyYHvZZnt1JiS4bHrxomq', 5, NULL, 'profil/avatar-3.png', NULL, 1, NULL, NULL, NULL, '2022-01-30 12:51:13', '2022-01-30 12:51:13', NULL, NULL, NULL, NULL),
	(4, 'admin bapppeda', 'admin.bapppeda', 'admin.bapppeda@gmail.com', NULL, '$2y$10$7etqsCzKffma.St8.b0DTeY0Cle.wAVZgK7y9RqSzux.Bwss90U9G', 2, NULL, 'profil/avatar-2.png', NULL, 1, NULL, NULL, NULL, '2022-01-30 12:51:13', '2022-01-30 12:51:13', NULL, NULL, NULL, NULL),
	(5, 'operator bapppeda', 'operator.bapppeda', 'operator.bapppeda@gmail.com', NULL, '$2y$10$GwVxAFA9hjGA8D2cjCwhme4D2friy1F7o/ZMh.IgaBb2E3JmYg29u', 3, NULL, 'profil/avatar-4.png', NULL, 1, NULL, NULL, NULL, '2022-01-30 12:51:13', '2022-01-30 12:51:13', NULL, NULL, NULL, NULL),
	(6, 'pengguna', 'coba', 'coba@coba.com', NULL, '$2y$10$zbUt0mPk4vsgKLTRNjem4eDOuqmyisR0F8hBxK.I.ZWjiMftEXG3m', 6, NULL, 'profil/avatar-5.png', NULL, 1, '2022-03-09 07:55:03', NULL, NULL, '2022-01-30 12:51:13', '2022-03-09 07:55:03', NULL, NULL, NULL, NULL),
	(7, 'Makara Firmansyah', 'caturangga06', 'caturangga06@example.org', '2022-01-30 12:51:13', '$2y$10$vYVrLL3uiNpkGtWom65MIuBcq/IstLGcgxYv2gv2fB0VR7szwf52G', 4, '0250 5336 023', 'profil/avatar-5.png', '658700028521714915', 1, '2022-01-30 12:51:13', NULL, 'G36rGtzKj7', '2022-01-30 12:51:13', '2022-01-30 12:51:15', NULL, NULL, NULL, NULL),
	(8, 'Cakrabirawa Natsir', 'syahrini.prasasta', 'syahrini.prasasta@example.org', '2022-01-30 12:51:13', '$2y$10$cnQY7Kw0zn1k1YjJeufjw.bURvWFI6NKp6C2usdCmQvrJl4owFpnm', 5, '(+62) 28 9463 0058', 'profil/avatar-5.png', '501151893878320511', 1, '2022-01-30 12:51:13', NULL, 'YGZFQZS9go', '2022-01-30 12:51:13', '2022-01-30 12:51:15', NULL, NULL, NULL, NULL),
	(9, 'Jindra Waskita', 'lpradana', 'lpradana@example.org', '2022-01-30 12:51:13', '$2y$10$RKjhSCmlC4G3TGnTl12SieSZp7E4Eg6EE8uFlbuuOWXMxOl8AROoy', 5, '(+62) 307 0484 0592', 'profil/avatar-1.png', '336570679403020017', 1, '2022-01-30 12:51:13', NULL, 'LA11wKZfq7', '2022-01-30 12:51:13', '2022-01-30 12:51:15', NULL, NULL, NULL, NULL),
	(10, 'Ade Prastuti M.Kom.', 'aiswahyudi', 'aiswahyudi@example.com', '2022-01-30 12:51:13', '$2y$10$V2gB4.MaugnkvmMW9F4UbOm0cN1sRFy/VNlgu4hp69s85hIaMKFOq', 4, '029 0777 4029', 'profil/avatar-1.png', '318985034681344920', 1, '2022-01-30 12:51:13', NULL, 'guV8O0YqO3', '2022-01-30 12:51:13', '2022-01-30 12:51:15', NULL, NULL, NULL, NULL),
	(11, 'Vanya Lailasari', 'murti68', 'murti68@example.com', '2022-01-30 12:51:13', '$2y$10$PA/BoJdyTg7CmmorAVEeMOhyT1RDTw.9bFYJ4QGHa3.9VIEN6Y3Vu', 6, '(+62) 934 4634 2488', 'profil/avatar-4.png', '849774217391293463', 1, '2022-01-30 12:51:13', NULL, 'Jhi0C2nJBH', '2022-01-30 12:51:13', '2022-01-30 12:51:15', NULL, NULL, NULL, NULL),
	(12, 'Oskar Respati Dabukke S.Ked', 'ktamba', 'ktamba@example.net', '2022-01-30 12:51:13', '$2y$10$xl/WiYO3VXVGJPaxQDqmKOjDTPdk3pNAZ7iU4WeUQoI7b7rKfUr1O', 5, '0966 7400 1211', 'profil/avatar-4.png', '193414490166202914', 1, '2022-01-30 12:51:14', NULL, 'dIS9QRkUnq', '2022-01-30 12:51:14', '2022-01-30 12:51:15', NULL, NULL, NULL, NULL),
	(13, 'Belinda Utami', 'dian.sudiati', 'dian.sudiati@example.net', '2022-01-30 12:51:14', '$2y$10$xSl3/ebyG2VxwO9L4okOC.VOtxlyCDRUkaIu8VNvjoCSB2uRIPh2m', 3, '(+62) 21 8962 519', 'profil/avatar-2.png', '219930235298045321', 1, '2022-01-30 12:51:14', NULL, 'lgsTspVBdn', '2022-01-30 12:51:14', '2022-01-30 12:51:15', NULL, NULL, NULL, NULL),
	(14, 'Fitria Mulyani', 'eman.handayani', 'eman.handayani@example.net', '2022-01-30 12:51:14', '$2y$10$b36NxhM/IPwSr.jMAbMA5OWrrtiuYCg4/UPzOluDs4EZTHNoAoPVm', 3, '0296 0908 053', 'profil/avatar-3.png', '561412649160417492', 1, '2022-01-30 12:51:14', NULL, 'cnmz3zpere', '2022-01-30 12:51:14', '2022-01-30 12:51:15', NULL, NULL, NULL, NULL),
	(15, 'Lintang Hartati', 'lidya.wahyudin', 'lidya.wahyudin@example.net', '2022-01-30 12:51:14', '$2y$10$FD9us9y8aTkssFIxxRANZOwab85rxSdOUPizvgmlOxw6IQpnBusHC', 6, '(+62) 775 6068 758', 'profil/avatar-4.png', '171325496510104925', 1, '2022-01-30 12:51:14', NULL, 'h5J5iivJXw', '2022-01-30 12:51:14', '2022-01-30 12:51:15', NULL, NULL, NULL, NULL),
	(16, 'Argono Cahyadi Budiyanto', 'kamila.pradipta', 'kamila.pradipta@example.com', '2022-01-30 12:51:14', '$2y$10$aXprPIki6Wo6S.9xoRs5LeK3mHGDuF/7fPnE9ExX5EGYt4EaPboi.', 4, '(+62) 625 6508 7898', 'profil/avatar-3.png', '006241522230195630', 1, '2022-01-30 12:51:14', NULL, 'u3Yto0mW3q', '2022-01-30 12:51:14', '2022-01-30 12:51:15', NULL, NULL, NULL, NULL),
	(17, 'Banawi Hakim S.Ked', 'unatsir', 'unatsir@example.com', '2022-01-30 12:51:14', '$2y$10$x6hrsX8TzGLh4E4LYaWkM.UD0cANGrBhn7YBrPLkVYXfvwTrv5TE.', 5, '(+62) 808 9313 660', 'profil/avatar-5.png', '465484829923530574', 1, '2022-01-30 12:51:14', NULL, 'rDNCddwz4J', '2022-01-30 12:51:14', '2022-01-30 12:51:15', NULL, NULL, NULL, NULL),
	(18, 'Hafshah Puspa Hassanah S.T.', 'hasan.dongoran', 'hasan.dongoran@example.net', '2022-01-30 12:51:14', '$2y$10$bQJZnKz2jRU2qFr/SSazue4oBMR46TDSJQVyUg4HX7Tot0AeO0cPi', 5, '0639 9874 4621', 'profil/avatar-2.png', '780030209265097165', 1, '2022-01-30 12:51:14', NULL, '0vQuP3LgAk', '2022-01-30 12:51:14', '2022-01-30 12:51:15', NULL, NULL, NULL, NULL),
	(19, 'Baktiadi Kala Iswahyudi', 'giswahyudi', 'giswahyudi@example.net', '2022-01-30 12:51:14', '$2y$10$Tf6J6vr0sh7Kx3amVOVU0O8n4XNfUmF54ZBbwKC7Pdf.qxl3LmQ2e', 2, '0490 0435 948', 'profil/avatar-1.png', '482552360318254971', 1, '2022-01-30 12:51:14', NULL, 'iukmIwP17h', '2022-01-30 12:51:14', '2022-01-30 12:51:15', NULL, NULL, NULL, NULL),
	(20, 'Jessica Zulaika', 'wibowo.yahya', 'wibowo.yahya@example.com', '2022-01-30 12:51:14', '$2y$10$JifZuNFoHIqdkaizloFy2e1PHXWy57TIdy0c0hD.prHLIanpoXAzW', 3, '(+62) 29 0106 077', 'profil/avatar-3.png', '520581460418936856', 1, '2022-01-30 12:51:14', NULL, 'YG2akls3B7', '2022-01-30 12:51:14', '2022-01-30 12:51:15', NULL, NULL, NULL, NULL),
	(21, 'Nadine Michelle Namaga', 'anamaga', 'anamaga@example.org', '2022-01-30 12:51:14', '$2y$10$EB4goGRY1wg7mj.pTcmGmOurPOa7BfPC5Q09yBmM7V0MeDMPsDGJC', 4, '(+62) 994 6778 8468', 'profil/avatar-4.png', '307623934351475000', 1, '2022-01-30 12:51:14', NULL, '2oaOjSzrYs', '2022-01-30 12:51:14', '2022-01-30 12:51:15', NULL, NULL, NULL, NULL),
	(22, 'Artawan Gamani Situmorang S.Gz', 'xhakim', 'xhakim@example.net', '2022-01-30 12:51:14', '$2y$10$LkRfk18Zoo8G07HSi9ss7uBjklEmp91UAxi5JeWLpg3pWe/w6CQDG', 3, '0705 1574 4001', 'profil/avatar-5.png', '371801575474758351', 1, '2022-01-30 12:51:14', NULL, 'JD45ZJItlV', '2022-01-30 12:51:14', '2022-01-30 12:51:15', NULL, NULL, NULL, NULL),
	(23, 'Upik Okta Sitompul', 'ani21', 'ani21@example.net', '2022-01-30 12:51:14', '$2y$10$0PSt1KxaK79tXjSDIdMBmORMSSZsvbG2frapkXvvuQawcn1lcZM5i', 3, '0244 2253 0654', 'profil/avatar-2.png', '294533823208691728', 1, '2022-01-30 12:51:14', NULL, 't3TUhtVZo7', '2022-01-30 12:51:14', '2022-01-30 12:51:15', NULL, NULL, NULL, NULL),
	(24, 'Emong Napitupulu', 'inamaga', 'inamaga@example.com', '2022-01-30 12:51:14', '$2y$10$Q1q40COKbms2JMPJg/JyEez2rylORl4pvd7LueJtrmLShP75lNq1i', 5, '0511 8683 5909', 'profil/avatar-3.png', '058871527864397404', 1, '2022-01-30 12:51:14', NULL, 'bWedU55Doe', '2022-01-30 12:51:14', '2022-01-30 12:51:15', NULL, NULL, NULL, NULL),
	(25, 'Halima Alika Yulianti S.Ked', 'rmegantara', 'rmegantara@example.net', '2022-01-30 12:51:14', '$2y$10$50e.BrDt1B31grFnhh37eOfd/rnFik91Jywkeay18608ZBKGZwQKe', 4, '0948 6836 764', 'profil/avatar-4.png', '188387011172208868', 1, '2022-01-30 12:51:14', NULL, 'DMY3NyLLKM', '2022-01-30 12:51:14', '2022-01-30 12:51:15', NULL, NULL, NULL, NULL),
	(26, 'Sari Laksmiwati', 'vutami', 'vutami@example.org', '2022-01-30 12:51:14', '$2y$10$um7whJr6fKaOvTQOx4dw.ebVj7TP3XGw0y/1waIVkpgpW.ZemU.a.', 4, '(+62) 529 2201 803', 'profil/avatar-1.png', '763856374031441603', 1, '2022-01-30 12:51:15', NULL, 'Gir3vA2ggy', '2022-01-30 12:51:15', '2022-01-30 12:51:15', NULL, NULL, NULL, NULL),
	(27, 'Olivia Purnawati', 'kmangunsong', 'kmangunsong@example.org', '2022-01-30 12:51:15', '$2y$10$QSHaN6WVIb8OxrHf8B1XyOr6JYWpRM/qJGyZRRzKl1FKlQM7BGW2W', 4, '026 4667 360', 'profil/avatar-1.png', '858043740440863937', 1, '2022-01-30 12:51:15', NULL, 'FhIOPcU7aa', '2022-01-30 12:51:15', '2022-01-30 12:51:15', NULL, NULL, NULL, NULL),
	(28, 'Dian Aryani S.Sos', 'ghaliyati69', 'ghaliyati69@example.com', '2022-01-30 12:51:15', '$2y$10$ZR957.VAvT8NLnNSa4WZb.5D.P8UACyZVnh8CsqdHnJxHMI81ZraC', 2, '027 2242 3836', 'profil/avatar-2.png', '763372235998238726', 1, '2022-01-30 12:51:15', NULL, 'RPf0eOG1na', '2022-01-30 12:51:15', '2022-01-30 12:51:15', NULL, NULL, NULL, NULL),
	(29, 'Melinda Agustina S.Pt', 'laksmiwati.talia', 'laksmiwati.talia@example.net', '2022-01-30 12:51:15', '$2y$10$1YwIPaKk2qloiBS6e6fhOuBO8zTzkng7vuUHz1drxI.kQjRUsnHaK', 6, '0858 512 705', 'profil/avatar-4.png', '144471571038255898', 1, '2022-01-30 12:51:15', NULL, 'MwguPkfl9X', '2022-01-30 12:51:15', '2022-01-30 12:51:15', NULL, NULL, NULL, NULL),
	(30, 'Wirda Namaga', 'galur.hidayat', 'galur.hidayat@example.com', '2022-01-30 12:51:15', '$2y$10$gnGFDS2MMGDeugzXFRl4CumfBAwGtPGBfZyTm7sWne6y9TSeJUKyu', 6, '0462 6866 384', 'profil/avatar-5.png', '634790699576774266', 1, '2022-01-30 12:51:15', NULL, 'R3Yw0Hviwx', '2022-01-30 12:51:15', '2022-01-30 12:51:15', NULL, NULL, NULL, NULL),
	(31, 'Usyi Aisyah Yolanda', 'purwanto.yuliarti', 'purwanto.yuliarti@example.com', '2022-01-30 12:51:15', '$2y$10$W1v6KuM9X.S9HNNv9Yx9EebxhmiT9snq/PaTbxVtJY.7nNbWDg7CK', 5, '0642 0876 9577', 'profil/avatar-2.png', '329588975603798191', 1, '2022-01-30 12:51:15', NULL, 'SxKcabOk64', '2022-01-30 12:51:15', '2022-01-30 12:51:15', NULL, NULL, NULL, NULL),
	(32, 'Zulaikha Sudiati', 'vmansur', 'vmansur@example.com', '2022-01-30 12:51:15', '$2y$10$Zll2HLoAcgmn5j2YAASkTOTIkmWoKKLXtK14ubDLq6vmZXP/cVspy', 4, '(+62) 23 5492 610', 'profil/avatar-5.png', '947132027055322187', 1, '2022-01-30 12:51:15', NULL, 'gJphWkf5by', '2022-01-30 12:51:15', '2022-01-30 12:51:15', NULL, NULL, NULL, NULL),
	(33, 'Pardi Viktor Tampubolon', 'kala49', 'kala49@example.com', '2022-01-30 12:51:15', '$2y$10$BINONmdCT6e5rjerhM6ALevmfE.AirOLTKocPKr3EKU27kul45sDK', 2, '(+62) 282 7070 6517', 'profil/avatar-2.png', '477163922234738398', 1, '2022-01-30 12:51:15', NULL, 'YoJJ2sIqch', '2022-01-30 12:51:15', '2022-01-30 12:51:15', NULL, NULL, NULL, NULL),
	(34, 'Endah Purwanti M.Kom.', 'natsir.umaya', 'natsir.umaya@example.com', '2022-01-30 12:51:15', '$2y$10$/v6/F36c9kmDvXZ2zm.mguPaQYLJ3o456TjRwBzYnbsA1JrXg3nKi', 3, '0928 0930 040', 'profil/avatar-2.png', '857336686558693873', 1, '2022-01-30 12:51:15', NULL, 'zJyrmvJdco', '2022-01-30 12:51:15', '2022-01-30 12:51:15', NULL, NULL, NULL, NULL),
	(35, 'Hamima Hani Rahmawati M.Pd', 'kharyanti', 'kharyanti@example.net', '2022-01-30 12:51:15', '$2y$10$i00cFU9KTjNwQ4q..EJpveaW9lcw0v/4FQHWS.qLXk7ktyINEkAp6', 2, '0572 7763 4328', 'profil/avatar-2.png', '299127130804306815', 1, '2022-01-30 12:51:15', NULL, 'RDvtxCJWUp', '2022-01-30 12:51:15', '2022-01-30 12:51:15', NULL, NULL, NULL, NULL),
	(36, 'Hesti Restu Nuraini S.I.Kom', 'iswahyudi.cakrabirawa', 'iswahyudi.cakrabirawa@example.net', '2022-01-30 12:51:15', '$2y$10$AALyT5Z2uW5lDsXPqYOele6osvHrw1lUJe9zh.Xb3jQTNpj6k5zIq', 6, '(+62) 935 0345 9088', 'profil/avatar-1.png', '272713939857400079', 1, '2022-01-30 12:51:15', NULL, 'n2n9PmbD48', '2022-01-30 12:51:15', '2022-01-30 12:51:15', NULL, NULL, NULL, NULL);
/*!40000 ALTER TABLE `users` ENABLE KEYS */;

/*!40101 SET SQL_MODE=IFNULL(@OLD_SQL_MODE, '') */;
/*!40014 SET FOREIGN_KEY_CHECKS=IFNULL(@OLD_FOREIGN_KEY_CHECKS, 1) */;
/*!40101 SET CHARACTER_SET_CLIENT=@OLD_CHARACTER_SET_CLIENT */;
/*!40111 SET SQL_NOTES=IFNULL(@OLD_SQL_NOTES, 1) */;
